-7.500000000000000000e+00,1.500000000000000000e+00,1.500000000000000000e+00,4.294000000000000000e+03
7.500000000000000000e+00,1.500000000000000000e+00,1.500000000000000000e+00,4.295000000000000000e+03
7.500000000000000000e+00,1.500000000000000000e+00,1.650000000000000000e+01,4.296000000000000000e+03
-7.500000000000000000e+00,1.500000000000000000e+00,1.650000000000000000e+01,4.297000000000000000e+03
9.000000000000000000e+00,1.500000000000000000e+00,1.800000000000000000e+01,4.298000000000000000e+03
-9.000000000000000000e+00,1.500000000000000000e+00,1.800000000000000000e+01,4.299000000000000000e+03
-9.000000000000000000e+00,1.500000000000000000e+00,0.000000000000000000e+00,4.300000000000000000e+03
9.000000000000000000e+00,1.500000000000000000e+00,0.000000000000000000e+00,4.301000000000000000e+03
-7.000000000000000000e+00,1.500000000000000000e+00,1.500000000000000000e+00,4.302000000000000000e+03
-6.500000000000000000e+00,1.500000000000000000e+00,1.500000000000000000e+00,4.303000000000000000e+03
-6.000000000000000000e+00,1.500000000000000000e+00,1.500000000000000000e+00,4.304000000000000000e+03
-5.500000000000000000e+00,1.500000000000000000e+00,1.500000000000000000e+00,4.305000000000000000e+03
-5.000000000000000000e+00,1.500000000000000000e+00,1.500000000000000000e+00,4.306000000000000000e+03
-4.500000000000000000e+00,1.500000000000000000e+00,1.500000000000000000e+00,4.307000000000000000e+03
-4.000000000000000000e+00,1.500000000000000000e+00,1.500000000000000000e+00,4.308000000000000000e+03
-3.500000000000000000e+00,1.500000000000000000e+00,1.500000000000000000e+00,4.309000000000000000e+03
-3.000000000000000000e+00,1.500000000000000000e+00,1.500000000000000000e+00,4.310000000000000000e+03
-2.500000000000000000e+00,1.500000000000000000e+00,1.500000000000000000e+00,4.311000000000000000e+03
-2.000000000000000000e+00,1.500000000000000000e+00,1.500000000000000000e+00,4.312000000000000000e+03
-1.500000000000000000e+00,1.500000000000000000e+00,1.500000000000000000e+00,4.313000000000000000e+03
-1.000000000000000000e+00,1.500000000000000000e+00,1.500000000000000000e+00,4.314000000000000000e+03
-5.000000000000000000e-01,1.500000000000000000e+00,1.500000000000000000e+00,4.315000000000000000e+03
0.000000000000000000e+00,1.500000000000000000e+00,1.500000000000000000e+00,4.316000000000000000e+03
5.000000000000000000e-01,1.500000000000000000e+00,1.500000000000000000e+00,4.317000000000000000e+03
1.000000000000000000e+00,1.500000000000000000e+00,1.500000000000000000e+00,4.318000000000000000e+03
1.500000000000000000e+00,1.500000000000000000e+00,1.500000000000000000e+00,4.319000000000000000e+03
2.000000000000000000e+00,1.500000000000000000e+00,1.500000000000000000e+00,4.320000000000000000e+03
2.500000000000000000e+00,1.500000000000000000e+00,1.500000000000000000e+00,4.321000000000000000e+03
3.000000000000000000e+00,1.500000000000000000e+00,1.500000000000000000e+00,4.322000000000000000e+03
3.500000000000000000e+00,1.500000000000000000e+00,1.500000000000000000e+00,4.323000000000000000e+03
4.000000000000000000e+00,1.500000000000000000e+00,1.500000000000000000e+00,4.324000000000000000e+03
4.500000000000000000e+00,1.500000000000000000e+00,1.500000000000000000e+00,4.325000000000000000e+03
5.000000000000000000e+00,1.500000000000000000e+00,1.500000000000000000e+00,4.326000000000000000e+03
5.500000000000000000e+00,1.500000000000000000e+00,1.500000000000000000e+00,4.327000000000000000e+03
6.000000000000000000e+00,1.500000000000000000e+00,1.500000000000000000e+00,4.328000000000000000e+03
6.500000000000000000e+00,1.500000000000000000e+00,1.500000000000000000e+00,4.329000000000000000e+03
7.000000000000000000e+00,1.500000000000000000e+00,1.500000000000000000e+00,4.330000000000000000e+03
7.500000000000000000e+00,1.500000000000000000e+00,2.000000000000000000e+00,4.331000000000000000e+03
7.500000000000000000e+00,1.500000000000000000e+00,2.500000000000000000e+00,4.332000000000000000e+03
7.500000000000000000e+00,1.500000000000000000e+00,3.000000000000000000e+00,4.333000000000000000e+03
7.500000000000000000e+00,1.500000000000000000e+00,3.500000000000000000e+00,4.334000000000000000e+03
7.500000000000000000e+00,1.500000000000000000e+00,4.000000000000000000e+00,4.335000000000000000e+03
7.500000000000000000e+00,1.500000000000000000e+00,4.500000000000000000e+00,4.336000000000000000e+03
7.500000000000000000e+00,1.500000000000000000e+00,5.000000000000000000e+00,4.337000000000000000e+03
7.500000000000000000e+00,1.500000000000000000e+00,5.500000000000000000e+00,4.338000000000000000e+03
7.500000000000000000e+00,1.500000000000000000e+00,6.000000000000000000e+00,4.339000000000000000e+03
7.500000000000000000e+00,1.500000000000000000e+00,6.500000000000000000e+00,4.340000000000000000e+03
7.500000000000000000e+00,1.500000000000000000e+00,7.000000000000000000e+00,4.341000000000000000e+03
7.500000000000000000e+00,1.500000000000000000e+00,7.500000000000000000e+00,4.342000000000000000e+03
7.500000000000000000e+00,1.500000000000000000e+00,8.000000000000000000e+00,4.343000000000000000e+03
7.500000000000000000e+00,1.500000000000000000e+00,8.500000000000000000e+00,4.344000000000000000e+03
7.500000000000000000e+00,1.500000000000000000e+00,9.000000000000000000e+00,4.345000000000000000e+03
7.500000000000000000e+00,1.500000000000000000e+00,9.500000000000000000e+00,4.346000000000000000e+03
7.500000000000000000e+00,1.500000000000000000e+00,1.000000000000000000e+01,4.347000000000000000e+03
7.500000000000000000e+00,1.500000000000000000e+00,1.050000000000000000e+01,4.348000000000000000e+03
7.500000000000000000e+00,1.500000000000000000e+00,1.100000000000000000e+01,4.349000000000000000e+03
7.500000000000000000e+00,1.500000000000000000e+00,1.150000000000000000e+01,4.350000000000000000e+03
7.500000000000000000e+00,1.500000000000000000e+00,1.200000000000000000e+01,4.351000000000000000e+03
7.500000000000000000e+00,1.500000000000000000e+00,1.250000000000000000e+01,4.352000000000000000e+03
7.500000000000000000e+00,1.500000000000000000e+00,1.300000000000000000e+01,4.353000000000000000e+03
7.500000000000000000e+00,1.500000000000000000e+00,1.350000000000000000e+01,4.354000000000000000e+03
7.500000000000000000e+00,1.500000000000000000e+00,1.400000000000000000e+01,4.355000000000000000e+03
7.500000000000000000e+00,1.500000000000000000e+00,1.450000000000000000e+01,4.356000000000000000e+03
7.500000000000000000e+00,1.500000000000000000e+00,1.500000000000000000e+01,4.357000000000000000e+03
7.500000000000000000e+00,1.500000000000000000e+00,1.550000000000000000e+01,4.358000000000000000e+03
7.500000000000000000e+00,1.500000000000000000e+00,1.600000000000000000e+01,4.359000000000000000e+03
7.000000000000000000e+00,1.500000000000000000e+00,1.650000000000000000e+01,4.360000000000000000e+03
6.500000000000000000e+00,1.500000000000000000e+00,1.650000000000000000e+01,4.361000000000000000e+03
6.000000000000000000e+00,1.500000000000000000e+00,1.650000000000000000e+01,4.362000000000000000e+03
5.500000000000000000e+00,1.500000000000000000e+00,1.650000000000000000e+01,4.363000000000000000e+03
5.000000000000000000e+00,1.500000000000000000e+00,1.650000000000000000e+01,4.364000000000000000e+03
4.500000000000000000e+00,1.500000000000000000e+00,1.650000000000000000e+01,4.365000000000000000e+03
4.000000000000000000e+00,1.500000000000000000e+00,1.650000000000000000e+01,4.366000000000000000e+03
3.500000000000000000e+00,1.500000000000000000e+00,1.650000000000000000e+01,4.367000000000000000e+03
3.000000000000000000e+00,1.500000000000000000e+00,1.650000000000000000e+01,4.368000000000000000e+03
2.500000000000000000e+00,1.500000000000000000e+00,1.650000000000000000e+01,4.369000000000000000e+03
2.000000000000000000e+00,1.500000000000000000e+00,1.650000000000000000e+01,4.370000000000000000e+03
1.500000000000000000e+00,1.500000000000000000e+00,1.650000000000000000e+01,4.371000000000000000e+03
1.000000000000000000e+00,1.500000000000000000e+00,1.650000000000000000e+01,4.372000000000000000e+03
5.000000000000000000e-01,1.500000000000000000e+00,1.650000000000000000e+01,4.373000000000000000e+03
0.000000000000000000e+00,1.500000000000000000e+00,1.650000000000000000e+01,4.374000000000000000e+03
-5.000000000000000000e-01,1.500000000000000000e+00,1.650000000000000000e+01,4.375000000000000000e+03
-1.000000000000000000e+00,1.500000000000000000e+00,1.650000000000000000e+01,4.376000000000000000e+03
-1.500000000000000000e+00,1.500000000000000000e+00,1.650000000000000000e+01,4.377000000000000000e+03
-2.000000000000000000e+00,1.500000000000000000e+00,1.650000000000000000e+01,4.378000000000000000e+03
-2.500000000000000000e+00,1.500000000000000000e+00,1.650000000000000000e+01,4.379000000000000000e+03
-3.000000000000000000e+00,1.500000000000000000e+00,1.650000000000000000e+01,4.380000000000000000e+03
-3.500000000000000000e+00,1.500000000000000000e+00,1.650000000000000000e+01,4.381000000000000000e+03
-4.000000000000000000e+00,1.500000000000000000e+00,1.650000000000000000e+01,4.382000000000000000e+03
-4.500000000000000000e+00,1.500000000000000000e+00,1.650000000000000000e+01,4.383000000000000000e+03
-5.000000000000000000e+00,1.500000000000000000e+00,1.650000000000000000e+01,4.384000000000000000e+03
-5.500000000000000000e+00,1.500000000000000000e+00,1.650000000000000000e+01,4.385000000000000000e+03
-6.000000000000000000e+00,1.500000000000000000e+00,1.650000000000000000e+01,4.386000000000000000e+03
-6.500000000000000000e+00,1.500000000000000000e+00,1.650000000000000000e+01,4.387000000000000000e+03
-7.000000000000000000e+00,1.500000000000000000e+00,1.650000000000000000e+01,4.388000000000000000e+03
-7.500000000000000000e+00,1.500000000000000000e+00,1.600000000000000000e+01,4.389000000000000000e+03
-7.500000000000000000e+00,1.500000000000000000e+00,1.550000000000000000e+01,4.390000000000000000e+03
-7.500000000000000000e+00,1.500000000000000000e+00,1.500000000000000000e+01,4.391000000000000000e+03
-7.500000000000000000e+00,1.500000000000000000e+00,1.450000000000000000e+01,4.392000000000000000e+03
-7.500000000000000000e+00,1.500000000000000000e+00,1.400000000000000000e+01,4.393000000000000000e+03
-7.500000000000000000e+00,1.500000000000000000e+00,1.350000000000000000e+01,4.394000000000000000e+03
-7.500000000000000000e+00,1.500000000000000000e+00,1.300000000000000000e+01,4.395000000000000000e+03
-7.500000000000000000e+00,1.500000000000000000e+00,1.250000000000000000e+01,4.396000000000000000e+03
-7.500000000000000000e+00,1.500000000000000000e+00,1.200000000000000000e+01,4.397000000000000000e+03
-7.500000000000000000e+00,1.500000000000000000e+00,1.150000000000000000e+01,4.398000000000000000e+03
-7.500000000000000000e+00,1.500000000000000000e+00,1.100000000000000000e+01,4.399000000000000000e+03
-7.500000000000000000e+00,1.500000000000000000e+00,1.050000000000000000e+01,4.400000000000000000e+03
-7.500000000000000000e+00,1.500000000000000000e+00,1.000000000000000000e+01,4.401000000000000000e+03
-7.500000000000000000e+00,1.500000000000000000e+00,9.500000000000000000e+00,4.402000000000000000e+03
-7.500000000000000000e+00,1.500000000000000000e+00,9.000000000000000000e+00,4.403000000000000000e+03
-7.500000000000000000e+00,1.500000000000000000e+00,8.500000000000000000e+00,4.404000000000000000e+03
-7.500000000000000000e+00,1.500000000000000000e+00,8.000000000000000000e+00,4.405000000000000000e+03
-7.500000000000000000e+00,1.500000000000000000e+00,7.500000000000000000e+00,4.406000000000000000e+03
-7.500000000000000000e+00,1.500000000000000000e+00,7.000000000000000000e+00,4.407000000000000000e+03
-7.500000000000000000e+00,1.500000000000000000e+00,6.500000000000000000e+00,4.408000000000000000e+03
-7.500000000000000000e+00,1.500000000000000000e+00,6.000000000000000000e+00,4.409000000000000000e+03
-7.500000000000000000e+00,1.500000000000000000e+00,5.500000000000000000e+00,4.410000000000000000e+03
-7.500000000000000000e+00,1.500000000000000000e+00,5.000000000000000000e+00,4.411000000000000000e+03
-7.500000000000000000e+00,1.500000000000000000e+00,4.500000000000000000e+00,4.412000000000000000e+03
-7.500000000000000000e+00,1.500000000000000000e+00,4.000000000000000000e+00,4.413000000000000000e+03
-7.500000000000000000e+00,1.500000000000000000e+00,3.500000000000000000e+00,4.414000000000000000e+03
-7.500000000000000000e+00,1.500000000000000000e+00,3.000000000000000000e+00,4.415000000000000000e+03
-7.500000000000000000e+00,1.500000000000000000e+00,2.500000000000000000e+00,4.416000000000000000e+03
-7.500000000000000000e+00,1.500000000000000000e+00,2.000000000000000000e+00,4.417000000000000000e+03
8.500000000000000000e+00,1.500000000000000000e+00,1.800000000000000000e+01,4.418000000000000000e+03
8.000000000000000000e+00,1.500000000000000000e+00,1.800000000000000000e+01,4.419000000000000000e+03
7.500000000000000000e+00,1.500000000000000000e+00,1.800000000000000000e+01,4.420000000000000000e+03
7.000000000000000000e+00,1.500000000000000000e+00,1.800000000000000000e+01,4.421000000000000000e+03
6.500000000000000000e+00,1.500000000000000000e+00,1.800000000000000000e+01,4.422000000000000000e+03
6.000000000000000000e+00,1.500000000000000000e+00,1.800000000000000000e+01,4.423000000000000000e+03
5.500000000000000000e+00,1.500000000000000000e+00,1.800000000000000000e+01,4.424000000000000000e+03
5.000000000000000000e+00,1.500000000000000000e+00,1.800000000000000000e+01,4.425000000000000000e+03
4.500000000000000000e+00,1.500000000000000000e+00,1.800000000000000000e+01,4.426000000000000000e+03
4.000000000000000000e+00,1.500000000000000000e+00,1.800000000000000000e+01,4.427000000000000000e+03
3.500000000000000000e+00,1.500000000000000000e+00,1.800000000000000000e+01,4.428000000000000000e+03
3.000000000000000000e+00,1.500000000000000000e+00,1.800000000000000000e+01,4.429000000000000000e+03
2.500000000000000000e+00,1.500000000000000000e+00,1.800000000000000000e+01,4.430000000000000000e+03
2.000000000000000000e+00,1.500000000000000000e+00,1.800000000000000000e+01,4.431000000000000000e+03
1.500000000000000000e+00,1.500000000000000000e+00,1.800000000000000000e+01,4.432000000000000000e+03
1.000000000000000000e+00,1.500000000000000000e+00,1.800000000000000000e+01,4.433000000000000000e+03
5.000000000000000000e-01,1.500000000000000000e+00,1.800000000000000000e+01,4.434000000000000000e+03
0.000000000000000000e+00,1.500000000000000000e+00,1.800000000000000000e+01,4.435000000000000000e+03
-5.000000000000000000e-01,1.500000000000000000e+00,1.800000000000000000e+01,4.436000000000000000e+03
-1.000000000000000000e+00,1.500000000000000000e+00,1.800000000000000000e+01,4.437000000000000000e+03
-1.500000000000000000e+00,1.500000000000000000e+00,1.800000000000000000e+01,4.438000000000000000e+03
-2.000000000000000000e+00,1.500000000000000000e+00,1.800000000000000000e+01,4.439000000000000000e+03
-2.500000000000000000e+00,1.500000000000000000e+00,1.800000000000000000e+01,4.440000000000000000e+03
-3.000000000000000000e+00,1.500000000000000000e+00,1.800000000000000000e+01,4.441000000000000000e+03
-3.500000000000000000e+00,1.500000000000000000e+00,1.800000000000000000e+01,4.442000000000000000e+03
-4.000000000000000000e+00,1.500000000000000000e+00,1.800000000000000000e+01,4.443000000000000000e+03
-4.500000000000000000e+00,1.500000000000000000e+00,1.800000000000000000e+01,4.444000000000000000e+03
-5.000000000000000000e+00,1.500000000000000000e+00,1.800000000000000000e+01,4.445000000000000000e+03
-5.500000000000000000e+00,1.500000000000000000e+00,1.800000000000000000e+01,4.446000000000000000e+03
-6.000000000000000000e+00,1.500000000000000000e+00,1.800000000000000000e+01,4.447000000000000000e+03
-6.500000000000000000e+00,1.500000000000000000e+00,1.800000000000000000e+01,4.448000000000000000e+03
-7.000000000000000000e+00,1.500000000000000000e+00,1.800000000000000000e+01,4.449000000000000000e+03
-7.500000000000000000e+00,1.500000000000000000e+00,1.800000000000000000e+01,4.450000000000000000e+03
-8.000000000000000000e+00,1.500000000000000000e+00,1.800000000000000000e+01,4.451000000000000000e+03
-8.500000000000000000e+00,1.500000000000000000e+00,1.800000000000000000e+01,4.452000000000000000e+03
-9.000000000000000000e+00,1.500000000000000000e+00,1.750000000000000000e+01,4.453000000000000000e+03
-9.000000000000000000e+00,1.500000000000000000e+00,1.700000000000000000e+01,4.454000000000000000e+03
-9.000000000000000000e+00,1.500000000000000000e+00,1.650000000000000000e+01,4.455000000000000000e+03
-9.000000000000000000e+00,1.500000000000000000e+00,1.600000000000000000e+01,4.456000000000000000e+03
-9.000000000000000000e+00,1.500000000000000000e+00,1.550000000000000000e+01,4.457000000000000000e+03
-9.000000000000000000e+00,1.500000000000000000e+00,1.500000000000000000e+01,4.458000000000000000e+03
-9.000000000000000000e+00,1.500000000000000000e+00,1.450000000000000000e+01,4.459000000000000000e+03
-9.000000000000000000e+00,1.500000000000000000e+00,1.400000000000000000e+01,4.460000000000000000e+03
-9.000000000000000000e+00,1.500000000000000000e+00,1.350000000000000000e+01,4.461000000000000000e+03
-9.000000000000000000e+00,1.500000000000000000e+00,1.300000000000000000e+01,4.462000000000000000e+03
-9.000000000000000000e+00,1.500000000000000000e+00,1.250000000000000000e+01,4.463000000000000000e+03
-9.000000000000000000e+00,1.500000000000000000e+00,1.200000000000000000e+01,4.464000000000000000e+03
-9.000000000000000000e+00,1.500000000000000000e+00,1.150000000000000000e+01,4.465000000000000000e+03
-9.000000000000000000e+00,1.500000000000000000e+00,1.100000000000000000e+01,4.466000000000000000e+03
-9.000000000000000000e+00,1.500000000000000000e+00,1.050000000000000000e+01,4.467000000000000000e+03
-9.000000000000000000e+00,1.500000000000000000e+00,1.000000000000000000e+01,4.468000000000000000e+03
-9.000000000000000000e+00,1.500000000000000000e+00,9.500000000000000000e+00,4.469000000000000000e+03
-9.000000000000000000e+00,1.500000000000000000e+00,9.000000000000000000e+00,4.470000000000000000e+03
-9.000000000000000000e+00,1.500000000000000000e+00,8.500000000000000000e+00,4.471000000000000000e+03
-9.000000000000000000e+00,1.500000000000000000e+00,8.000000000000000000e+00,4.472000000000000000e+03
-9.000000000000000000e+00,1.500000000000000000e+00,7.500000000000000000e+00,4.473000000000000000e+03
-9.000000000000000000e+00,1.500000000000000000e+00,7.000000000000000000e+00,4.474000000000000000e+03
-9.000000000000000000e+00,1.500000000000000000e+00,6.500000000000000000e+00,4.475000000000000000e+03
-9.000000000000000000e+00,1.500000000000000000e+00,6.000000000000000000e+00,4.476000000000000000e+03
-9.000000000000000000e+00,1.500000000000000000e+00,5.500000000000000000e+00,4.477000000000000000e+03
-9.000000000000000000e+00,1.500000000000000000e+00,5.000000000000000000e+00,4.478000000000000000e+03
-9.000000000000000000e+00,1.500000000000000000e+00,4.500000000000000000e+00,4.479000000000000000e+03
-9.000000000000000000e+00,1.500000000000000000e+00,4.000000000000000000e+00,4.480000000000000000e+03
-9.000000000000000000e+00,1.500000000000000000e+00,3.500000000000000000e+00,4.481000000000000000e+03
-9.000000000000000000e+00,1.500000000000000000e+00,3.000000000000000000e+00,4.482000000000000000e+03
-9.000000000000000000e+00,1.500000000000000000e+00,2.500000000000000000e+00,4.483000000000000000e+03
-9.000000000000000000e+00,1.500000000000000000e+00,2.000000000000000000e+00,4.484000000000000000e+03
-9.000000000000000000e+00,1.500000000000000000e+00,1.500000000000000000e+00,4.485000000000000000e+03
-9.000000000000000000e+00,1.500000000000000000e+00,1.000000000000000000e+00,4.486000000000000000e+03
-9.000000000000000000e+00,1.500000000000000000e+00,5.000000000000000000e-01,4.487000000000000000e+03
-8.500000000000000000e+00,1.500000000000000000e+00,0.000000000000000000e+00,4.488000000000000000e+03
-8.000000000000000000e+00,1.500000000000000000e+00,0.000000000000000000e+00,4.489000000000000000e+03
-7.500000000000000000e+00,1.500000000000000000e+00,0.000000000000000000e+00,4.490000000000000000e+03
-7.000000000000000000e+00,1.500000000000000000e+00,0.000000000000000000e+00,4.491000000000000000e+03
-6.500000000000000000e+00,1.500000000000000000e+00,0.000000000000000000e+00,4.492000000000000000e+03
-6.000000000000000000e+00,1.500000000000000000e+00,0.000000000000000000e+00,4.493000000000000000e+03
-5.500000000000000000e+00,1.500000000000000000e+00,0.000000000000000000e+00,4.494000000000000000e+03
-5.000000000000000000e+00,1.500000000000000000e+00,0.000000000000000000e+00,4.495000000000000000e+03
-4.500000000000000000e+00,1.500000000000000000e+00,0.000000000000000000e+00,4.496000000000000000e+03
-4.000000000000000000e+00,1.500000000000000000e+00,0.000000000000000000e+00,4.497000000000000000e+03
-3.500000000000000000e+00,1.500000000000000000e+00,0.000000000000000000e+00,4.498000000000000000e+03
-3.000000000000000000e+00,1.500000000000000000e+00,0.000000000000000000e+00,4.499000000000000000e+03
-2.500000000000000000e+00,1.500000000000000000e+00,0.000000000000000000e+00,4.500000000000000000e+03
-2.000000000000000000e+00,1.500000000000000000e+00,0.000000000000000000e+00,4.501000000000000000e+03
-1.500000000000000000e+00,1.500000000000000000e+00,0.000000000000000000e+00,4.502000000000000000e+03
-1.000000000000000000e+00,1.500000000000000000e+00,0.000000000000000000e+00,4.503000000000000000e+03
-5.000000000000000000e-01,1.500000000000000000e+00,0.000000000000000000e+00,4.504000000000000000e+03
0.000000000000000000e+00,1.500000000000000000e+00,0.000000000000000000e+00,4.505000000000000000e+03
5.000000000000000000e-01,1.500000000000000000e+00,0.000000000000000000e+00,4.506000000000000000e+03
1.000000000000000000e+00,1.500000000000000000e+00,0.000000000000000000e+00,4.507000000000000000e+03
1.500000000000000000e+00,1.500000000000000000e+00,0.000000000000000000e+00,4.508000000000000000e+03
2.000000000000000000e+00,1.500000000000000000e+00,0.000000000000000000e+00,4.509000000000000000e+03
2.500000000000000000e+00,1.500000000000000000e+00,0.000000000000000000e+00,4.510000000000000000e+03
3.000000000000000000e+00,1.500000000000000000e+00,0.000000000000000000e+00,4.511000000000000000e+03
3.500000000000000000e+00,1.500000000000000000e+00,0.000000000000000000e+00,4.512000000000000000e+03
4.000000000000000000e+00,1.500000000000000000e+00,0.000000000000000000e+00,4.513000000000000000e+03
4.500000000000000000e+00,1.500000000000000000e+00,0.000000000000000000e+00,4.514000000000000000e+03
5.000000000000000000e+00,1.500000000000000000e+00,0.000000000000000000e+00,4.515000000000000000e+03
5.500000000000000000e+00,1.500000000000000000e+00,0.000000000000000000e+00,4.516000000000000000e+03
6.000000000000000000e+00,1.500000000000000000e+00,0.000000000000000000e+00,4.517000000000000000e+03
6.500000000000000000e+00,1.500000000000000000e+00,0.000000000000000000e+00,4.518000000000000000e+03
7.000000000000000000e+00,1.500000000000000000e+00,0.000000000000000000e+00,4.519000000000000000e+03
7.500000000000000000e+00,1.500000000000000000e+00,0.000000000000000000e+00,4.520000000000000000e+03
8.000000000000000000e+00,1.500000000000000000e+00,0.000000000000000000e+00,4.521000000000000000e+03
8.500000000000000000e+00,1.500000000000000000e+00,0.000000000000000000e+00,4.522000000000000000e+03
9.000000000000000000e+00,1.500000000000000000e+00,5.000000000000000000e-01,4.523000000000000000e+03
9.000000000000000000e+00,1.500000000000000000e+00,1.000000000000000000e+00,4.524000000000000000e+03
9.000000000000000000e+00,1.500000000000000000e+00,1.500000000000000000e+00,4.525000000000000000e+03
9.000000000000000000e+00,1.500000000000000000e+00,2.000000000000000000e+00,4.526000000000000000e+03
9.000000000000000000e+00,1.500000000000000000e+00,2.500000000000000000e+00,4.527000000000000000e+03
9.000000000000000000e+00,1.500000000000000000e+00,3.000000000000000000e+00,4.528000000000000000e+03
9.000000000000000000e+00,1.500000000000000000e+00,3.500000000000000000e+00,4.529000000000000000e+03
9.000000000000000000e+00,1.500000000000000000e+00,4.000000000000000000e+00,4.530000000000000000e+03
9.000000000000000000e+00,1.500000000000000000e+00,4.500000000000000000e+00,4.531000000000000000e+03
9.000000000000000000e+00,1.500000000000000000e+00,5.000000000000000000e+00,4.532000000000000000e+03
9.000000000000000000e+00,1.500000000000000000e+00,5.500000000000000000e+00,4.533000000000000000e+03
9.000000000000000000e+00,1.500000000000000000e+00,6.000000000000000000e+00,4.534000000000000000e+03
9.000000000000000000e+00,1.500000000000000000e+00,6.500000000000000000e+00,4.535000000000000000e+03
9.000000000000000000e+00,1.500000000000000000e+00,7.000000000000000000e+00,4.536000000000000000e+03
9.000000000000000000e+00,1.500000000000000000e+00,7.500000000000000000e+00,4.537000000000000000e+03
9.000000000000000000e+00,1.500000000000000000e+00,8.000000000000000000e+00,4.538000000000000000e+03
9.000000000000000000e+00,1.500000000000000000e+00,8.500000000000000000e+00,4.539000000000000000e+03
9.000000000000000000e+00,1.500000000000000000e+00,9.000000000000000000e+00,4.540000000000000000e+03
9.000000000000000000e+00,1.500000000000000000e+00,9.500000000000000000e+00,4.541000000000000000e+03
9.000000000000000000e+00,1.500000000000000000e+00,1.000000000000000000e+01,4.542000000000000000e+03
9.000000000000000000e+00,1.500000000000000000e+00,1.050000000000000000e+01,4.543000000000000000e+03
9.000000000000000000e+00,1.500000000000000000e+00,1.100000000000000000e+01,4.544000000000000000e+03
9.000000000000000000e+00,1.500000000000000000e+00,1.150000000000000000e+01,4.545000000000000000e+03
9.000000000000000000e+00,1.500000000000000000e+00,1.200000000000000000e+01,4.546000000000000000e+03
9.000000000000000000e+00,1.500000000000000000e+00,1.250000000000000000e+01,4.547000000000000000e+03
9.000000000000000000e+00,1.500000000000000000e+00,1.300000000000000000e+01,4.548000000000000000e+03
9.000000000000000000e+00,1.500000000000000000e+00,1.350000000000000000e+01,4.549000000000000000e+03
9.000000000000000000e+00,1.500000000000000000e+00,1.400000000000000000e+01,4.550000000000000000e+03
9.000000000000000000e+00,1.500000000000000000e+00,1.450000000000000000e+01,4.551000000000000000e+03
9.000000000000000000e+00,1.500000000000000000e+00,1.500000000000000000e+01,4.552000000000000000e+03
9.000000000000000000e+00,1.500000000000000000e+00,1.550000000000000000e+01,4.553000000000000000e+03
9.000000000000000000e+00,1.500000000000000000e+00,1.600000000000000000e+01,4.554000000000000000e+03
9.000000000000000000e+00,1.500000000000000000e+00,1.650000000000000000e+01,4.555000000000000000e+03
9.000000000000000000e+00,1.500000000000000000e+00,1.700000000000000000e+01,4.556000000000000000e+03
9.000000000000000000e+00,1.500000000000000000e+00,1.750000000000000000e+01,4.557000000000000000e+03
-7.000000000000000000e+00,1.500000000000000000e+00,2.000000000000000000e+00,4.558000000000000000e+03
-6.500000000000000000e+00,1.500000000000000000e+00,2.000000000000000000e+00,4.559000000000000000e+03
-6.000000000000000000e+00,1.500000000000000000e+00,2.000000000000000000e+00,4.560000000000000000e+03
-5.500000000000000000e+00,1.500000000000000000e+00,2.000000000000000000e+00,4.561000000000000000e+03
-5.000000000000000000e+00,1.500000000000000000e+00,2.000000000000000000e+00,4.562000000000000000e+03
-4.500000000000000000e+00,1.500000000000000000e+00,2.000000000000000000e+00,4.563000000000000000e+03
-4.000000000000000000e+00,1.500000000000000000e+00,2.000000000000000000e+00,4.564000000000000000e+03
-3.500000000000000000e+00,1.500000000000000000e+00,2.000000000000000000e+00,4.565000000000000000e+03
-3.000000000000000000e+00,1.500000000000000000e+00,2.000000000000000000e+00,4.566000000000000000e+03
-2.500000000000000000e+00,1.500000000000000000e+00,2.000000000000000000e+00,4.567000000000000000e+03
-2.000000000000000000e+00,1.500000000000000000e+00,2.000000000000000000e+00,4.568000000000000000e+03
-1.500000000000000000e+00,1.500000000000000000e+00,2.000000000000000000e+00,4.569000000000000000e+03
-1.000000000000000000e+00,1.500000000000000000e+00,2.000000000000000000e+00,4.570000000000000000e+03
-5.000000000000000000e-01,1.500000000000000000e+00,2.000000000000000000e+00,4.571000000000000000e+03
2.775557561562891351e-17,1.500000000000000000e+00,2.000000000000000000e+00,4.572000000000000000e+03
5.000000000000000000e-01,1.500000000000000000e+00,2.000000000000000000e+00,4.573000000000000000e+03
1.000000000000000000e+00,1.500000000000000000e+00,2.000000000000000000e+00,4.574000000000000000e+03
1.500000000000000000e+00,1.500000000000000000e+00,2.000000000000000000e+00,4.575000000000000000e+03
2.000000000000000000e+00,1.500000000000000000e+00,2.000000000000000000e+00,4.576000000000000000e+03
2.500000000000000000e+00,1.500000000000000000e+00,2.000000000000000000e+00,4.577000000000000000e+03
3.000000000000000000e+00,1.500000000000000000e+00,2.000000000000000000e+00,4.578000000000000000e+03
3.500000000000000000e+00,1.500000000000000000e+00,2.000000000000000000e+00,4.579000000000000000e+03
4.000000000000000000e+00,1.500000000000000000e+00,2.000000000000000000e+00,4.580000000000000000e+03
4.500000000000000000e+00,1.500000000000000000e+00,2.000000000000000000e+00,4.581000000000000000e+03
5.000000000000000000e+00,1.500000000000000000e+00,2.000000000000000000e+00,4.582000000000000000e+03
5.500000000000000000e+00,1.500000000000000000e+00,2.000000000000000000e+00,4.583000000000000000e+03
6.000000000000000000e+00,1.500000000000000000e+00,2.000000000000000000e+00,4.584000000000000000e+03
6.500000000000000000e+00,1.500000000000000000e+00,2.000000000000000000e+00,4.585000000000000000e+03
7.000000000000000000e+00,1.500000000000000000e+00,2.000000000000000000e+00,4.586000000000000000e+03
-7.000000000000000000e+00,1.500000000000000000e+00,2.500000000000000000e+00,4.587000000000000000e+03
-6.500000000000000000e+00,1.500000000000000000e+00,2.500000000000000000e+00,4.588000000000000000e+03
-6.000000000000000000e+00,1.500000000000000000e+00,2.500000000000000000e+00,4.589000000000000000e+03
-5.500000000000000000e+00,1.500000000000000000e+00,2.500000000000000000e+00,4.590000000000000000e+03
-5.000000000000000000e+00,1.500000000000000000e+00,2.500000000000000000e+00,4.591000000000000000e+03
-4.500000000000000000e+00,1.500000000000000000e+00,2.500000000000000000e+00,4.592000000000000000e+03
-4.000000000000000000e+00,1.500000000000000000e+00,2.500000000000000000e+00,4.593000000000000000e+03
-3.500000000000000000e+00,1.500000000000000000e+00,2.500000000000000000e+00,4.594000000000000000e+03
-3.000000000000000000e+00,1.500000000000000000e+00,2.500000000000000000e+00,4.595000000000000000e+03
-2.500000000000000000e+00,1.500000000000000000e+00,2.500000000000000000e+00,4.596000000000000000e+03
-2.000000000000000000e+00,1.500000000000000000e+00,2.500000000000000000e+00,4.597000000000000000e+03
-1.500000000000000000e+00,1.500000000000000000e+00,2.500000000000000000e+00,4.598000000000000000e+03
-1.000000000000000000e+00,1.500000000000000000e+00,2.500000000000000000e+00,4.599000000000000000e+03
-5.000000000000000000e-01,1.500000000000000000e+00,2.500000000000000000e+00,4.600000000000000000e+03
5.551115123125782702e-17,1.500000000000000000e+00,2.500000000000000000e+00,4.601000000000000000e+03
5.000000000000000000e-01,1.500000000000000000e+00,2.500000000000000000e+00,4.602000000000000000e+03
1.000000000000000000e+00,1.500000000000000000e+00,2.500000000000000000e+00,4.603000000000000000e+03
1.500000000000000000e+00,1.500000000000000000e+00,2.500000000000000000e+00,4.604000000000000000e+03
2.000000000000000000e+00,1.500000000000000000e+00,2.500000000000000000e+00,4.605000000000000000e+03
2.500000000000000000e+00,1.500000000000000000e+00,2.500000000000000000e+00,4.606000000000000000e+03
3.000000000000000000e+00,1.500000000000000000e+00,2.500000000000000000e+00,4.607000000000000000e+03
3.500000000000000000e+00,1.500000000000000000e+00,2.500000000000000000e+00,4.608000000000000000e+03
4.000000000000000000e+00,1.500000000000000000e+00,2.500000000000000000e+00,4.609000000000000000e+03
4.500000000000000000e+00,1.500000000000000000e+00,2.500000000000000000e+00,4.610000000000000000e+03
5.000000000000000000e+00,1.500000000000000000e+00,2.500000000000000000e+00,4.611000000000000000e+03
5.500000000000000000e+00,1.500000000000000000e+00,2.500000000000000000e+00,4.612000000000000000e+03
6.000000000000000000e+00,1.500000000000000000e+00,2.500000000000000000e+00,4.613000000000000000e+03
6.500000000000000000e+00,1.500000000000000000e+00,2.500000000000000000e+00,4.614000000000000000e+03
7.000000000000000000e+00,1.500000000000000000e+00,2.500000000000000000e+00,4.615000000000000000e+03
-7.000000000000000000e+00,1.500000000000000000e+00,3.000000000000000000e+00,4.616000000000000000e+03
-6.500000000000000000e+00,1.500000000000000000e+00,3.000000000000000000e+00,4.617000000000000000e+03
-6.000000000000000000e+00,1.500000000000000000e+00,3.000000000000000000e+00,4.618000000000000000e+03
-5.500000000000000000e+00,1.500000000000000000e+00,3.000000000000000000e+00,4.619000000000000000e+03
-5.000000000000000000e+00,1.500000000000000000e+00,3.000000000000000000e+00,4.620000000000000000e+03
-4.500000000000000000e+00,1.500000000000000000e+00,3.000000000000000000e+00,4.621000000000000000e+03
-4.000000000000000000e+00,1.500000000000000000e+00,3.000000000000000000e+00,4.622000000000000000e+03
-3.500000000000000000e+00,1.500000000000000000e+00,3.000000000000000000e+00,4.623000000000000000e+03
-3.000000000000000000e+00,1.500000000000000000e+00,3.000000000000000000e+00,4.624000000000000000e+03
-2.500000000000000000e+00,1.500000000000000000e+00,3.000000000000000000e+00,4.625000000000000000e+03
-2.000000000000000000e+00,1.500000000000000000e+00,3.000000000000000000e+00,4.626000000000000000e+03
-1.500000000000000000e+00,1.500000000000000000e+00,3.000000000000000000e+00,4.627000000000000000e+03
-1.000000000000000000e+00,1.500000000000000000e+00,3.000000000000000000e+00,4.628000000000000000e+03
-5.000000000000000000e-01,1.500000000000000000e+00,3.000000000000000000e+00,4.629000000000000000e+03
5.551115123125782702e-17,1.500000000000000000e+00,3.000000000000000000e+00,4.630000000000000000e+03
5.000000000000000000e-01,1.500000000000000000e+00,3.000000000000000000e+00,4.631000000000000000e+03
1.000000000000000000e+00,1.500000000000000000e+00,3.000000000000000000e+00,4.632000000000000000e+03
1.500000000000000000e+00,1.500000000000000000e+00,3.000000000000000000e+00,4.633000000000000000e+03
2.000000000000000000e+00,1.500000000000000000e+00,3.000000000000000000e+00,4.634000000000000000e+03
2.500000000000000000e+00,1.500000000000000000e+00,3.000000000000000000e+00,4.635000000000000000e+03
3.000000000000000000e+00,1.500000000000000000e+00,3.000000000000000000e+00,4.636000000000000000e+03
3.500000000000000000e+00,1.500000000000000000e+00,3.000000000000000000e+00,4.637000000000000000e+03
4.000000000000000000e+00,1.500000000000000000e+00,3.000000000000000000e+00,4.638000000000000000e+03
4.500000000000000000e+00,1.500000000000000000e+00,3.000000000000000000e+00,4.639000000000000000e+03
5.000000000000000000e+00,1.500000000000000000e+00,3.000000000000000000e+00,4.640000000000000000e+03
5.500000000000000000e+00,1.500000000000000000e+00,3.000000000000000000e+00,4.641000000000000000e+03
6.000000000000000000e+00,1.500000000000000000e+00,3.000000000000000000e+00,4.642000000000000000e+03
6.500000000000000000e+00,1.500000000000000000e+00,3.000000000000000000e+00,4.643000000000000000e+03
7.000000000000000000e+00,1.500000000000000000e+00,3.000000000000000000e+00,4.644000000000000000e+03
-7.000000000000000000e+00,1.500000000000000000e+00,3.500000000000000000e+00,4.645000000000000000e+03
-6.500000000000000000e+00,1.500000000000000000e+00,3.500000000000000000e+00,4.646000000000000000e+03
-6.000000000000000000e+00,1.500000000000000000e+00,3.500000000000000000e+00,4.647000000000000000e+03
-5.500000000000000000e+00,1.500000000000000000e+00,3.500000000000000000e+00,4.648000000000000000e+03
-5.000000000000000000e+00,1.500000000000000000e+00,3.500000000000000000e+00,4.649000000000000000e+03
-4.500000000000000000e+00,1.500000000000000000e+00,3.500000000000000000e+00,4.650000000000000000e+03
-4.000000000000000000e+00,1.500000000000000000e+00,3.500000000000000000e+00,4.651000000000000000e+03
-3.500000000000000000e+00,1.500000000000000000e+00,3.500000000000000000e+00,4.652000000000000000e+03
-3.000000000000000000e+00,1.500000000000000000e+00,3.500000000000000000e+00,4.653000000000000000e+03
-2.500000000000000000e+00,1.500000000000000000e+00,3.500000000000000000e+00,4.654000000000000000e+03
-2.000000000000000000e+00,1.500000000000000000e+00,3.500000000000000000e+00,4.655000000000000000e+03
-1.500000000000000000e+00,1.500000000000000000e+00,3.500000000000000000e+00,4.656000000000000000e+03
-1.000000000000000000e+00,1.500000000000000000e+00,3.500000000000000000e+00,4.657000000000000000e+03
-5.000000000000000000e-01,1.500000000000000000e+00,3.500000000000000000e+00,4.658000000000000000e+03
1.110223024625156540e-16,1.500000000000000000e+00,3.500000000000000000e+00,4.659000000000000000e+03
5.000000000000000000e-01,1.500000000000000000e+00,3.500000000000000000e+00,4.660000000000000000e+03
1.000000000000000000e+00,1.500000000000000000e+00,3.500000000000000000e+00,4.661000000000000000e+03
1.500000000000000000e+00,1.500000000000000000e+00,3.500000000000000000e+00,4.662000000000000000e+03
2.000000000000000000e+00,1.500000000000000000e+00,3.500000000000000000e+00,4.663000000000000000e+03
2.500000000000000000e+00,1.500000000000000000e+00,3.500000000000000000e+00,4.664000000000000000e+03
3.000000000000000000e+00,1.500000000000000000e+00,3.500000000000000000e+00,4.665000000000000000e+03
3.500000000000000000e+00,1.500000000000000000e+00,3.500000000000000000e+00,4.666000000000000000e+03
4.000000000000000000e+00,1.500000000000000000e+00,3.500000000000000000e+00,4.667000000000000000e+03
4.500000000000000000e+00,1.500000000000000000e+00,3.500000000000000000e+00,4.668000000000000000e+03
5.000000000000000000e+00,1.500000000000000000e+00,3.500000000000000000e+00,4.669000000000000000e+03
5.500000000000000000e+00,1.500000000000000000e+00,3.500000000000000000e+00,4.670000000000000000e+03
6.000000000000000000e+00,1.500000000000000000e+00,3.500000000000000000e+00,4.671000000000000000e+03
6.500000000000000000e+00,1.500000000000000000e+00,3.500000000000000000e+00,4.672000000000000000e+03
7.000000000000000000e+00,1.500000000000000000e+00,3.500000000000000000e+00,4.673000000000000000e+03
-7.000000000000000000e+00,1.500000000000000000e+00,4.000000000000000000e+00,4.674000000000000000e+03
-6.500000000000000000e+00,1.500000000000000000e+00,4.000000000000000000e+00,4.675000000000000000e+03
-6.000000000000000000e+00,1.500000000000000000e+00,4.000000000000000000e+00,4.676000000000000000e+03
-5.500000000000000000e+00,1.500000000000000000e+00,4.000000000000000000e+00,4.677000000000000000e+03
-5.000000000000000000e+00,1.500000000000000000e+00,4.000000000000000000e+00,4.678000000000000000e+03
-4.500000000000000000e+00,1.500000000000000000e+00,4.000000000000000000e+00,4.679000000000000000e+03
-4.000000000000000000e+00,1.500000000000000000e+00,4.000000000000000000e+00,4.680000000000000000e+03
-3.500000000000000000e+00,1.500000000000000000e+00,4.000000000000000000e+00,4.681000000000000000e+03
-3.000000000000000000e+00,1.500000000000000000e+00,4.000000000000000000e+00,4.682000000000000000e+03
-2.500000000000000000e+00,1.500000000000000000e+00,4.000000000000000000e+00,4.683000000000000000e+03
-2.000000000000000000e+00,1.500000000000000000e+00,4.000000000000000000e+00,4.684000000000000000e+03
-1.500000000000000000e+00,1.500000000000000000e+00,4.000000000000000000e+00,4.685000000000000000e+03
-1.000000000000000000e+00,1.500000000000000000e+00,4.000000000000000000e+00,4.686000000000000000e+03
-5.000000000000000000e-01,1.500000000000000000e+00,4.000000000000000000e+00,4.687000000000000000e+03
1.110223024625156540e-16,1.500000000000000000e+00,4.000000000000000000e+00,4.688000000000000000e+03
5.000000000000000000e-01,1.500000000000000000e+00,4.000000000000000000e+00,4.689000000000000000e+03
1.000000000000000000e+00,1.500000000000000000e+00,4.000000000000000000e+00,4.690000000000000000e+03
1.500000000000000000e+00,1.500000000000000000e+00,4.000000000000000000e+00,4.691000000000000000e+03
2.000000000000000000e+00,1.500000000000000000e+00,4.000000000000000000e+00,4.692000000000000000e+03
2.500000000000000000e+00,1.500000000000000000e+00,4.000000000000000000e+00,4.693000000000000000e+03
3.000000000000000000e+00,1.500000000000000000e+00,4.000000000000000000e+00,4.694000000000000000e+03
3.500000000000000000e+00,1.500000000000000000e+00,4.000000000000000000e+00,4.695000000000000000e+03
4.000000000000000000e+00,1.500000000000000000e+00,4.000000000000000000e+00,4.696000000000000000e+03
4.500000000000000000e+00,1.500000000000000000e+00,4.000000000000000000e+00,4.697000000000000000e+03
5.000000000000000000e+00,1.500000000000000000e+00,4.000000000000000000e+00,4.698000000000000000e+03
5.500000000000000000e+00,1.500000000000000000e+00,4.000000000000000000e+00,4.699000000000000000e+03
6.000000000000000000e+00,1.500000000000000000e+00,4.000000000000000000e+00,4.700000000000000000e+03
6.500000000000000000e+00,1.500000000000000000e+00,4.000000000000000000e+00,4.701000000000000000e+03
7.000000000000000000e+00,1.500000000000000000e+00,4.000000000000000000e+00,4.702000000000000000e+03
-7.000000000000000000e+00,1.500000000000000000e+00,4.500000000000000000e+00,4.703000000000000000e+03
-6.500000000000000000e+00,1.500000000000000000e+00,4.500000000000000000e+00,4.704000000000000000e+03
-6.000000000000000000e+00,1.500000000000000000e+00,4.500000000000000000e+00,4.705000000000000000e+03
-5.500000000000000000e+00,1.500000000000000000e+00,4.500000000000000000e+00,4.706000000000000000e+03
-5.000000000000000000e+00,1.500000000000000000e+00,4.500000000000000000e+00,4.707000000000000000e+03
-4.500000000000000000e+00,1.500000000000000000e+00,4.500000000000000000e+00,4.708000000000000000e+03
-4.000000000000000000e+00,1.500000000000000000e+00,4.500000000000000000e+00,4.709000000000000000e+03
-3.500000000000000000e+00,1.500000000000000000e+00,4.500000000000000000e+00,4.710000000000000000e+03
-3.000000000000000000e+00,1.500000000000000000e+00,4.500000000000000000e+00,4.711000000000000000e+03
-2.500000000000000000e+00,1.500000000000000000e+00,4.500000000000000000e+00,4.712000000000000000e+03
-2.000000000000000000e+00,1.500000000000000000e+00,4.500000000000000000e+00,4.713000000000000000e+03
-1.500000000000000000e+00,1.500000000000000000e+00,4.500000000000000000e+00,4.714000000000000000e+03
-1.000000000000000000e+00,1.500000000000000000e+00,4.500000000000000000e+00,4.715000000000000000e+03
-5.000000000000000000e-01,1.500000000000000000e+00,4.500000000000000000e+00,4.716000000000000000e+03
2.220446049250313081e-16,1.500000000000000000e+00,4.500000000000000000e+00,4.717000000000000000e+03
5.000000000000000000e-01,1.500000000000000000e+00,4.500000000000000000e+00,4.718000000000000000e+03
1.000000000000000000e+00,1.500000000000000000e+00,4.500000000000000000e+00,4.719000000000000000e+03
1.500000000000000000e+00,1.500000000000000000e+00,4.500000000000000000e+00,4.720000000000000000e+03
2.000000000000000000e+00,1.500000000000000000e+00,4.500000000000000000e+00,4.721000000000000000e+03
2.500000000000000000e+00,1.500000000000000000e+00,4.500000000000000000e+00,4.722000000000000000e+03
3.000000000000000000e+00,1.500000000000000000e+00,4.500000000000000000e+00,4.723000000000000000e+03
3.500000000000000000e+00,1.500000000000000000e+00,4.500000000000000000e+00,4.724000000000000000e+03
4.000000000000000000e+00,1.500000000000000000e+00,4.500000000000000000e+00,4.725000000000000000e+03
4.500000000000000000e+00,1.500000000000000000e+00,4.500000000000000000e+00,4.726000000000000000e+03
5.000000000000000000e+00,1.500000000000000000e+00,4.500000000000000000e+00,4.727000000000000000e+03
5.500000000000000000e+00,1.500000000000000000e+00,4.500000000000000000e+00,4.728000000000000000e+03
6.000000000000000000e+00,1.500000000000000000e+00,4.500000000000000000e+00,4.729000000000000000e+03
6.500000000000000000e+00,1.500000000000000000e+00,4.500000000000000000e+00,4.730000000000000000e+03
7.000000000000000000e+00,1.500000000000000000e+00,4.500000000000000000e+00,4.731000000000000000e+03
-7.000000000000000000e+00,1.500000000000000000e+00,5.000000000000000000e+00,4.732000000000000000e+03
-6.500000000000000000e+00,1.500000000000000000e+00,5.000000000000000000e+00,4.733000000000000000e+03
-6.000000000000000000e+00,1.500000000000000000e+00,5.000000000000000000e+00,4.734000000000000000e+03
-5.500000000000000000e+00,1.500000000000000000e+00,5.000000000000000000e+00,4.735000000000000000e+03
-5.000000000000000000e+00,1.500000000000000000e+00,5.000000000000000000e+00,4.736000000000000000e+03
-4.500000000000000000e+00,1.500000000000000000e+00,5.000000000000000000e+00,4.737000000000000000e+03
-4.000000000000000000e+00,1.500000000000000000e+00,5.000000000000000000e+00,4.738000000000000000e+03
-3.500000000000000000e+00,1.500000000000000000e+00,5.000000000000000000e+00,4.739000000000000000e+03
-3.000000000000000000e+00,1.500000000000000000e+00,5.000000000000000000e+00,4.740000000000000000e+03
-2.500000000000000000e+00,1.500000000000000000e+00,5.000000000000000000e+00,4.741000000000000000e+03
-2.000000000000000000e+00,1.500000000000000000e+00,5.000000000000000000e+00,4.742000000000000000e+03
-1.500000000000000000e+00,1.500000000000000000e+00,5.000000000000000000e+00,4.743000000000000000e+03
-1.000000000000000000e+00,1.500000000000000000e+00,5.000000000000000000e+00,4.744000000000000000e+03
-5.000000000000000000e-01,1.500000000000000000e+00,5.000000000000000000e+00,4.745000000000000000e+03
-2.220446049250313081e-16,1.500000000000000000e+00,5.000000000000000000e+00,4.746000000000000000e+03
5.000000000000000000e-01,1.500000000000000000e+00,5.000000000000000000e+00,4.747000000000000000e+03
1.000000000000000000e+00,1.500000000000000000e+00,5.000000000000000000e+00,4.748000000000000000e+03
1.500000000000000000e+00,1.500000000000000000e+00,5.000000000000000000e+00,4.749000000000000000e+03
2.000000000000000000e+00,1.500000000000000000e+00,5.000000000000000000e+00,4.750000000000000000e+03
2.500000000000000000e+00,1.500000000000000000e+00,5.000000000000000000e+00,4.751000000000000000e+03
3.000000000000000000e+00,1.500000000000000000e+00,5.000000000000000000e+00,4.752000000000000000e+03
3.500000000000000000e+00,1.500000000000000000e+00,5.000000000000000000e+00,4.753000000000000000e+03
4.000000000000000000e+00,1.500000000000000000e+00,5.000000000000000000e+00,4.754000000000000000e+03
4.500000000000000000e+00,1.500000000000000000e+00,5.000000000000000000e+00,4.755000000000000000e+03
5.000000000000000000e+00,1.500000000000000000e+00,5.000000000000000000e+00,4.756000000000000000e+03
5.500000000000000000e+00,1.500000000000000000e+00,5.000000000000000000e+00,4.757000000000000000e+03
6.000000000000000000e+00,1.500000000000000000e+00,5.000000000000000000e+00,4.758000000000000000e+03
6.500000000000000000e+00,1.500000000000000000e+00,5.000000000000000000e+00,4.759000000000000000e+03
7.000000000000000000e+00,1.500000000000000000e+00,5.000000000000000000e+00,4.760000000000000000e+03
-7.000000000000000000e+00,1.500000000000000000e+00,5.500000000000000000e+00,4.761000000000000000e+03
-6.500000000000000000e+00,1.500000000000000000e+00,5.500000000000000000e+00,4.762000000000000000e+03
-6.000000000000000000e+00,1.500000000000000000e+00,5.500000000000000000e+00,4.763000000000000000e+03
-5.500000000000000000e+00,1.500000000000000000e+00,5.500000000000000000e+00,4.764000000000000000e+03
-5.000000000000000000e+00,1.500000000000000000e+00,5.500000000000000000e+00,4.765000000000000000e+03
-4.500000000000000000e+00,1.500000000000000000e+00,5.500000000000000000e+00,4.766000000000000000e+03
-4.000000000000000000e+00,1.500000000000000000e+00,5.500000000000000000e+00,4.767000000000000000e+03
-3.500000000000000000e+00,1.500000000000000000e+00,5.500000000000000000e+00,4.768000000000000000e+03
-3.000000000000000000e+00,1.500000000000000000e+00,5.500000000000000000e+00,4.769000000000000000e+03
-2.500000000000000000e+00,1.500000000000000000e+00,5.500000000000000000e+00,4.770000000000000000e+03
-2.000000000000000000e+00,1.500000000000000000e+00,5.500000000000000000e+00,4.771000000000000000e+03
-1.500000000000000000e+00,1.500000000000000000e+00,5.500000000000000000e+00,4.772000000000000000e+03
-1.000000000000000000e+00,1.500000000000000000e+00,5.500000000000000000e+00,4.773000000000000000e+03
-5.000000000000000000e-01,1.500000000000000000e+00,5.500000000000000000e+00,4.774000000000000000e+03
-2.220446049250313081e-16,1.500000000000000000e+00,5.500000000000000000e+00,4.775000000000000000e+03
5.000000000000000000e-01,1.500000000000000000e+00,5.500000000000000000e+00,4.776000000000000000e+03
1.000000000000000000e+00,1.500000000000000000e+00,5.500000000000000000e+00,4.777000000000000000e+03
1.500000000000000000e+00,1.500000000000000000e+00,5.500000000000000000e+00,4.778000000000000000e+03
2.000000000000000000e+00,1.500000000000000000e+00,5.500000000000000000e+00,4.779000000000000000e+03
2.500000000000000000e+00,1.500000000000000000e+00,5.500000000000000000e+00,4.780000000000000000e+03
3.000000000000000000e+00,1.500000000000000000e+00,5.500000000000000000e+00,4.781000000000000000e+03
3.500000000000000000e+00,1.500000000000000000e+00,5.500000000000000000e+00,4.782000000000000000e+03
4.000000000000000000e+00,1.500000000000000000e+00,5.500000000000000000e+00,4.783000000000000000e+03
4.500000000000000000e+00,1.500000000000000000e+00,5.500000000000000000e+00,4.784000000000000000e+03
5.000000000000000000e+00,1.500000000000000000e+00,5.500000000000000000e+00,4.785000000000000000e+03
5.500000000000000000e+00,1.500000000000000000e+00,5.500000000000000000e+00,4.786000000000000000e+03
6.000000000000000000e+00,1.500000000000000000e+00,5.500000000000000000e+00,4.787000000000000000e+03
6.500000000000000000e+00,1.500000000000000000e+00,5.500000000000000000e+00,4.788000000000000000e+03
7.000000000000000000e+00,1.500000000000000000e+00,5.500000000000000000e+00,4.789000000000000000e+03
-7.000000000000000000e+00,1.500000000000000000e+00,6.000000000000000000e+00,4.790000000000000000e+03
-6.500000000000000000e+00,1.500000000000000000e+00,6.000000000000000000e+00,4.791000000000000000e+03
-6.000000000000000000e+00,1.500000000000000000e+00,6.000000000000000000e+00,4.792000000000000000e+03
-5.500000000000000000e+00,1.500000000000000000e+00,6.000000000000000000e+00,4.793000000000000000e+03
-5.000000000000000000e+00,1.500000000000000000e+00,6.000000000000000000e+00,4.794000000000000000e+03
-4.500000000000000000e+00,1.500000000000000000e+00,6.000000000000000000e+00,4.795000000000000000e+03
-4.000000000000000000e+00,1.500000000000000000e+00,6.000000000000000000e+00,4.796000000000000000e+03
-3.500000000000000000e+00,1.500000000000000000e+00,6.000000000000000000e+00,4.797000000000000000e+03
-3.000000000000000000e+00,1.500000000000000000e+00,6.000000000000000000e+00,4.798000000000000000e+03
-2.500000000000000000e+00,1.500000000000000000e+00,6.000000000000000000e+00,4.799000000000000000e+03
-2.000000000000000000e+00,1.500000000000000000e+00,6.000000000000000000e+00,4.800000000000000000e+03
-1.500000000000000000e+00,1.500000000000000000e+00,6.000000000000000000e+00,4.801000000000000000e+03
-1.000000000000000000e+00,1.500000000000000000e+00,6.000000000000000000e+00,4.802000000000000000e+03
-5.000000000000000000e-01,1.500000000000000000e+00,6.000000000000000000e+00,4.803000000000000000e+03
2.220446049250313081e-16,1.500000000000000000e+00,6.000000000000000000e+00,4.804000000000000000e+03
5.000000000000000000e-01,1.500000000000000000e+00,6.000000000000000000e+00,4.805000000000000000e+03
1.000000000000000000e+00,1.500000000000000000e+00,6.000000000000000000e+00,4.806000000000000000e+03
1.500000000000000000e+00,1.500000000000000000e+00,6.000000000000000000e+00,4.807000000000000000e+03
2.000000000000000000e+00,1.500000000000000000e+00,6.000000000000000000e+00,4.808000000000000000e+03
2.500000000000000000e+00,1.500000000000000000e+00,6.000000000000000000e+00,4.809000000000000000e+03
3.000000000000000000e+00,1.500000000000000000e+00,6.000000000000000000e+00,4.810000000000000000e+03
3.500000000000000000e+00,1.500000000000000000e+00,6.000000000000000000e+00,4.811000000000000000e+03
4.000000000000000000e+00,1.500000000000000000e+00,6.000000000000000000e+00,4.812000000000000000e+03
4.500000000000000000e+00,1.500000000000000000e+00,6.000000000000000000e+00,4.813000000000000000e+03
5.000000000000000000e+00,1.500000000000000000e+00,6.000000000000000000e+00,4.814000000000000000e+03
5.500000000000000000e+00,1.500000000000000000e+00,6.000000000000000000e+00,4.815000000000000000e+03
6.000000000000000000e+00,1.500000000000000000e+00,6.000000000000000000e+00,4.816000000000000000e+03
6.500000000000000000e+00,1.500000000000000000e+00,6.000000000000000000e+00,4.817000000000000000e+03
7.000000000000000000e+00,1.500000000000000000e+00,6.000000000000000000e+00,4.818000000000000000e+03
-7.000000000000000000e+00,1.500000000000000000e+00,6.500000000000000000e+00,4.819000000000000000e+03
-6.500000000000000000e+00,1.500000000000000000e+00,6.500000000000000000e+00,4.820000000000000000e+03
-6.000000000000000000e+00,1.500000000000000000e+00,6.500000000000000000e+00,4.821000000000000000e+03
-5.500000000000000000e+00,1.500000000000000000e+00,6.500000000000000000e+00,4.822000000000000000e+03
-5.000000000000000000e+00,1.500000000000000000e+00,6.500000000000000000e+00,4.823000000000000000e+03
-4.500000000000000000e+00,1.500000000000000000e+00,6.500000000000000000e+00,4.824000000000000000e+03
-4.000000000000000000e+00,1.500000000000000000e+00,6.500000000000000000e+00,4.825000000000000000e+03
-3.500000000000000000e+00,1.500000000000000000e+00,6.500000000000000000e+00,4.826000000000000000e+03
-3.000000000000000000e+00,1.500000000000000000e+00,6.500000000000000000e+00,4.827000000000000000e+03
-2.500000000000000000e+00,1.500000000000000000e+00,6.500000000000000000e+00,4.828000000000000000e+03
-2.000000000000000000e+00,1.500000000000000000e+00,6.500000000000000000e+00,4.829000000000000000e+03
-1.500000000000000000e+00,1.500000000000000000e+00,6.500000000000000000e+00,4.830000000000000000e+03
-1.000000000000000000e+00,1.500000000000000000e+00,6.500000000000000000e+00,4.831000000000000000e+03
-5.000000000000000000e-01,1.500000000000000000e+00,6.500000000000000000e+00,4.832000000000000000e+03
2.220446049250313081e-16,1.500000000000000000e+00,6.500000000000000000e+00,4.833000000000000000e+03
5.000000000000000000e-01,1.500000000000000000e+00,6.500000000000000000e+00,4.834000000000000000e+03
1.000000000000000000e+00,1.500000000000000000e+00,6.500000000000000000e+00,4.835000000000000000e+03
1.500000000000000000e+00,1.500000000000000000e+00,6.500000000000000000e+00,4.836000000000000000e+03
2.000000000000000000e+00,1.500000000000000000e+00,6.500000000000000000e+00,4.837000000000000000e+03
2.500000000000000000e+00,1.500000000000000000e+00,6.500000000000000000e+00,4.838000000000000000e+03
3.000000000000000000e+00,1.500000000000000000e+00,6.500000000000000000e+00,4.839000000000000000e+03
3.500000000000000000e+00,1.500000000000000000e+00,6.500000000000000000e+00,4.840000000000000000e+03
4.000000000000000000e+00,1.500000000000000000e+00,6.500000000000000000e+00,4.841000000000000000e+03
4.500000000000000000e+00,1.500000000000000000e+00,6.500000000000000000e+00,4.842000000000000000e+03
5.000000000000000000e+00,1.500000000000000000e+00,6.500000000000000000e+00,4.843000000000000000e+03
5.500000000000000000e+00,1.500000000000000000e+00,6.500000000000000000e+00,4.844000000000000000e+03
6.000000000000000000e+00,1.500000000000000000e+00,6.500000000000000000e+00,4.845000000000000000e+03
6.500000000000000000e+00,1.500000000000000000e+00,6.500000000000000000e+00,4.846000000000000000e+03
7.000000000000000000e+00,1.500000000000000000e+00,6.500000000000000000e+00,4.847000000000000000e+03
-7.000000000000000000e+00,1.500000000000000000e+00,7.000000000000000000e+00,4.848000000000000000e+03
-6.500000000000000000e+00,1.500000000000000000e+00,7.000000000000000000e+00,4.849000000000000000e+03
-6.000000000000000000e+00,1.500000000000000000e+00,7.000000000000000000e+00,4.850000000000000000e+03
-5.500000000000000000e+00,1.500000000000000000e+00,7.000000000000000000e+00,4.851000000000000000e+03
-5.000000000000000000e+00,1.500000000000000000e+00,7.000000000000000000e+00,4.852000000000000000e+03
-4.500000000000000000e+00,1.500000000000000000e+00,7.000000000000000000e+00,4.853000000000000000e+03
-4.000000000000000000e+00,1.500000000000000000e+00,7.000000000000000000e+00,4.854000000000000000e+03
-3.500000000000000000e+00,1.500000000000000000e+00,7.000000000000000000e+00,4.855000000000000000e+03
-3.000000000000000000e+00,1.500000000000000000e+00,7.000000000000000000e+00,4.856000000000000000e+03
-2.500000000000000000e+00,1.500000000000000000e+00,7.000000000000000000e+00,4.857000000000000000e+03
-2.000000000000000000e+00,1.500000000000000000e+00,7.000000000000000000e+00,4.858000000000000000e+03
-1.500000000000000000e+00,1.500000000000000000e+00,7.000000000000000000e+00,4.859000000000000000e+03
-1.000000000000000000e+00,1.500000000000000000e+00,7.000000000000000000e+00,4.860000000000000000e+03
-5.000000000000000000e-01,1.500000000000000000e+00,7.000000000000000000e+00,4.861000000000000000e+03
2.220446049250313081e-16,1.500000000000000000e+00,7.000000000000000000e+00,4.862000000000000000e+03
5.000000000000000000e-01,1.500000000000000000e+00,7.000000000000000000e+00,4.863000000000000000e+03
1.000000000000000000e+00,1.500000000000000000e+00,7.000000000000000000e+00,4.864000000000000000e+03
1.500000000000000000e+00,1.500000000000000000e+00,7.000000000000000000e+00,4.865000000000000000e+03
2.000000000000000000e+00,1.500000000000000000e+00,7.000000000000000000e+00,4.866000000000000000e+03
2.500000000000000000e+00,1.500000000000000000e+00,7.000000000000000000e+00,4.867000000000000000e+03
3.000000000000000000e+00,1.500000000000000000e+00,7.000000000000000000e+00,4.868000000000000000e+03
3.500000000000000000e+00,1.500000000000000000e+00,7.000000000000000000e+00,4.869000000000000000e+03
4.000000000000000000e+00,1.500000000000000000e+00,7.000000000000000000e+00,4.870000000000000000e+03
4.500000000000000000e+00,1.500000000000000000e+00,7.000000000000000000e+00,4.871000000000000000e+03
5.000000000000000000e+00,1.500000000000000000e+00,7.000000000000000000e+00,4.872000000000000000e+03
5.500000000000000000e+00,1.500000000000000000e+00,7.000000000000000000e+00,4.873000000000000000e+03
6.000000000000000000e+00,1.500000000000000000e+00,7.000000000000000000e+00,4.874000000000000000e+03
6.500000000000000000e+00,1.500000000000000000e+00,7.000000000000000000e+00,4.875000000000000000e+03
7.000000000000000000e+00,1.500000000000000000e+00,7.000000000000000000e+00,4.876000000000000000e+03
-7.000000000000000000e+00,1.500000000000000000e+00,7.500000000000000000e+00,4.877000000000000000e+03
-6.500000000000000000e+00,1.500000000000000000e+00,7.500000000000000000e+00,4.878000000000000000e+03
-6.000000000000000000e+00,1.500000000000000000e+00,7.500000000000000000e+00,4.879000000000000000e+03
-5.500000000000000000e+00,1.500000000000000000e+00,7.500000000000000000e+00,4.880000000000000000e+03
-5.000000000000000000e+00,1.500000000000000000e+00,7.500000000000000000e+00,4.881000000000000000e+03
-4.500000000000000000e+00,1.500000000000000000e+00,7.500000000000000000e+00,4.882000000000000000e+03
-4.000000000000000000e+00,1.500000000000000000e+00,7.500000000000000000e+00,4.883000000000000000e+03
-3.500000000000000000e+00,1.500000000000000000e+00,7.500000000000000000e+00,4.884000000000000000e+03
-3.000000000000000000e+00,1.500000000000000000e+00,7.500000000000000000e+00,4.885000000000000000e+03
-2.500000000000000000e+00,1.500000000000000000e+00,7.500000000000000000e+00,4.886000000000000000e+03
-2.000000000000000000e+00,1.500000000000000000e+00,7.500000000000000000e+00,4.887000000000000000e+03
-1.500000000000000000e+00,1.500000000000000000e+00,7.500000000000000000e+00,4.888000000000000000e+03
-1.000000000000000000e+00,1.500000000000000000e+00,7.500000000000000000e+00,4.889000000000000000e+03
-5.000000000000000000e-01,1.500000000000000000e+00,7.500000000000000000e+00,4.890000000000000000e+03
4.440892098500626162e-16,1.500000000000000000e+00,7.500000000000000000e+00,4.891000000000000000e+03
5.000000000000000000e-01,1.500000000000000000e+00,7.500000000000000000e+00,4.892000000000000000e+03
1.000000000000000000e+00,1.500000000000000000e+00,7.500000000000000000e+00,4.893000000000000000e+03
1.500000000000000000e+00,1.500000000000000000e+00,7.500000000000000000e+00,4.894000000000000000e+03
2.000000000000000000e+00,1.500000000000000000e+00,7.500000000000000000e+00,4.895000000000000000e+03
2.500000000000000000e+00,1.500000000000000000e+00,7.500000000000000000e+00,4.896000000000000000e+03
3.000000000000000000e+00,1.500000000000000000e+00,7.500000000000000000e+00,4.897000000000000000e+03
3.500000000000000000e+00,1.500000000000000000e+00,7.500000000000000000e+00,4.898000000000000000e+03
4.000000000000000000e+00,1.500000000000000000e+00,7.500000000000000000e+00,4.899000000000000000e+03
4.500000000000000000e+00,1.500000000000000000e+00,7.500000000000000000e+00,4.900000000000000000e+03
5.000000000000000000e+00,1.500000000000000000e+00,7.500000000000000000e+00,4.901000000000000000e+03
5.500000000000000000e+00,1.500000000000000000e+00,7.500000000000000000e+00,4.902000000000000000e+03
6.000000000000000000e+00,1.500000000000000000e+00,7.500000000000000000e+00,4.903000000000000000e+03
6.500000000000000000e+00,1.500000000000000000e+00,7.500000000000000000e+00,4.904000000000000000e+03
7.000000000000000000e+00,1.500000000000000000e+00,7.500000000000000000e+00,4.905000000000000000e+03
-7.000000000000000000e+00,1.500000000000000000e+00,8.000000000000000000e+00,4.906000000000000000e+03
-6.500000000000000000e+00,1.500000000000000000e+00,8.000000000000000000e+00,4.907000000000000000e+03
-6.000000000000000000e+00,1.500000000000000000e+00,8.000000000000000000e+00,4.908000000000000000e+03
-5.500000000000000000e+00,1.500000000000000000e+00,8.000000000000000000e+00,4.909000000000000000e+03
-5.000000000000000000e+00,1.500000000000000000e+00,8.000000000000000000e+00,4.910000000000000000e+03
-4.500000000000000000e+00,1.500000000000000000e+00,8.000000000000000000e+00,4.911000000000000000e+03
-4.000000000000000000e+00,1.500000000000000000e+00,8.000000000000000000e+00,4.912000000000000000e+03
-3.500000000000000000e+00,1.500000000000000000e+00,8.000000000000000000e+00,4.913000000000000000e+03
-3.000000000000000000e+00,1.500000000000000000e+00,8.000000000000000000e+00,4.914000000000000000e+03
-2.500000000000000000e+00,1.500000000000000000e+00,8.000000000000000000e+00,4.915000000000000000e+03
-2.000000000000000000e+00,1.500000000000000000e+00,8.000000000000000000e+00,4.916000000000000000e+03
-1.500000000000000000e+00,1.500000000000000000e+00,8.000000000000000000e+00,4.917000000000000000e+03
-1.000000000000000000e+00,1.500000000000000000e+00,8.000000000000000000e+00,4.918000000000000000e+03
-5.000000000000000000e-01,1.500000000000000000e+00,8.000000000000000000e+00,4.919000000000000000e+03
0.000000000000000000e+00,1.500000000000000000e+00,8.000000000000000000e+00,4.920000000000000000e+03
5.000000000000000000e-01,1.500000000000000000e+00,8.000000000000000000e+00,4.921000000000000000e+03
1.000000000000000000e+00,1.500000000000000000e+00,8.000000000000000000e+00,4.922000000000000000e+03
1.500000000000000000e+00,1.500000000000000000e+00,8.000000000000000000e+00,4.923000000000000000e+03
2.000000000000000000e+00,1.500000000000000000e+00,8.000000000000000000e+00,4.924000000000000000e+03
2.500000000000000000e+00,1.500000000000000000e+00,8.000000000000000000e+00,4.925000000000000000e+03
3.000000000000000000e+00,1.500000000000000000e+00,8.000000000000000000e+00,4.926000000000000000e+03
3.500000000000000000e+00,1.500000000000000000e+00,8.000000000000000000e+00,4.927000000000000000e+03
4.000000000000000000e+00,1.500000000000000000e+00,8.000000000000000000e+00,4.928000000000000000e+03
4.500000000000000000e+00,1.500000000000000000e+00,8.000000000000000000e+00,4.929000000000000000e+03
5.000000000000000000e+00,1.500000000000000000e+00,8.000000000000000000e+00,4.930000000000000000e+03
5.500000000000000000e+00,1.500000000000000000e+00,8.000000000000000000e+00,4.931000000000000000e+03
6.000000000000000000e+00,1.500000000000000000e+00,8.000000000000000000e+00,4.932000000000000000e+03
6.500000000000000000e+00,1.500000000000000000e+00,8.000000000000000000e+00,4.933000000000000000e+03
7.000000000000000000e+00,1.500000000000000000e+00,8.000000000000000000e+00,4.934000000000000000e+03
-7.000000000000000000e+00,1.500000000000000000e+00,8.500000000000000000e+00,4.935000000000000000e+03
-6.500000000000000000e+00,1.500000000000000000e+00,8.500000000000000000e+00,4.936000000000000000e+03
-6.000000000000000000e+00,1.500000000000000000e+00,8.500000000000000000e+00,4.937000000000000000e+03
-5.500000000000000000e+00,1.500000000000000000e+00,8.500000000000000000e+00,4.938000000000000000e+03
-5.000000000000000000e+00,1.500000000000000000e+00,8.500000000000000000e+00,4.939000000000000000e+03
-4.500000000000000000e+00,1.500000000000000000e+00,8.500000000000000000e+00,4.940000000000000000e+03
-4.000000000000000000e+00,1.500000000000000000e+00,8.500000000000000000e+00,4.941000000000000000e+03
-3.500000000000000000e+00,1.500000000000000000e+00,8.500000000000000000e+00,4.942000000000000000e+03
-3.000000000000000000e+00,1.500000000000000000e+00,8.500000000000000000e+00,4.943000000000000000e+03
-2.500000000000000000e+00,1.500000000000000000e+00,8.500000000000000000e+00,4.944000000000000000e+03
-2.000000000000000000e+00,1.500000000000000000e+00,8.500000000000000000e+00,4.945000000000000000e+03
-1.500000000000000000e+00,1.500000000000000000e+00,8.500000000000000000e+00,4.946000000000000000e+03
-1.000000000000000000e+00,1.500000000000000000e+00,8.500000000000000000e+00,4.947000000000000000e+03
-5.000000000000000000e-01,1.500000000000000000e+00,8.500000000000000000e+00,4.948000000000000000e+03
4.440892098500626162e-16,1.500000000000000000e+00,8.500000000000000000e+00,4.949000000000000000e+03
5.000000000000000000e-01,1.500000000000000000e+00,8.500000000000000000e+00,4.950000000000000000e+03
1.000000000000000000e+00,1.500000000000000000e+00,8.500000000000000000e+00,4.951000000000000000e+03
1.500000000000000000e+00,1.500000000000000000e+00,8.500000000000000000e+00,4.952000000000000000e+03
2.000000000000000000e+00,1.500000000000000000e+00,8.500000000000000000e+00,4.953000000000000000e+03
2.500000000000000000e+00,1.500000000000000000e+00,8.500000000000000000e+00,4.954000000000000000e+03
3.000000000000000000e+00,1.500000000000000000e+00,8.500000000000000000e+00,4.955000000000000000e+03
3.500000000000000000e+00,1.500000000000000000e+00,8.500000000000000000e+00,4.956000000000000000e+03
4.000000000000000000e+00,1.500000000000000000e+00,8.500000000000000000e+00,4.957000000000000000e+03
4.500000000000000000e+00,1.500000000000000000e+00,8.500000000000000000e+00,4.958000000000000000e+03
5.000000000000000000e+00,1.500000000000000000e+00,8.500000000000000000e+00,4.959000000000000000e+03
5.500000000000000000e+00,1.500000000000000000e+00,8.500000000000000000e+00,4.960000000000000000e+03
6.000000000000000000e+00,1.500000000000000000e+00,8.500000000000000000e+00,4.961000000000000000e+03
6.500000000000000000e+00,1.500000000000000000e+00,8.500000000000000000e+00,4.962000000000000000e+03
7.000000000000000000e+00,1.500000000000000000e+00,8.500000000000000000e+00,4.963000000000000000e+03
-7.000000000000000000e+00,1.500000000000000000e+00,9.000000000000000000e+00,4.964000000000000000e+03
-6.500000000000000000e+00,1.500000000000000000e+00,9.000000000000000000e+00,4.965000000000000000e+03
-6.000000000000000000e+00,1.500000000000000000e+00,9.000000000000000000e+00,4.966000000000000000e+03
-5.500000000000000000e+00,1.500000000000000000e+00,9.000000000000000000e+00,4.967000000000000000e+03
-5.000000000000000000e+00,1.500000000000000000e+00,9.000000000000000000e+00,4.968000000000000000e+03
-4.500000000000000000e+00,1.500000000000000000e+00,9.000000000000000000e+00,4.969000000000000000e+03
-4.000000000000000000e+00,1.500000000000000000e+00,9.000000000000000000e+00,4.970000000000000000e+03
-3.500000000000000000e+00,1.500000000000000000e+00,9.000000000000000000e+00,4.971000000000000000e+03
-3.000000000000000000e+00,1.500000000000000000e+00,9.000000000000000000e+00,4.972000000000000000e+03
-2.500000000000000000e+00,1.500000000000000000e+00,9.000000000000000000e+00,4.973000000000000000e+03
-2.000000000000000000e+00,1.500000000000000000e+00,9.000000000000000000e+00,4.974000000000000000e+03
-1.500000000000000000e+00,1.500000000000000000e+00,9.000000000000000000e+00,4.975000000000000000e+03
-1.000000000000000000e+00,1.500000000000000000e+00,9.000000000000000000e+00,4.976000000000000000e+03
-5.000000000000000000e-01,1.500000000000000000e+00,9.000000000000000000e+00,4.977000000000000000e+03
-2.220446049250313081e-16,1.500000000000000000e+00,9.000000000000000000e+00,4.978000000000000000e+03
5.000000000000000000e-01,1.500000000000000000e+00,9.000000000000000000e+00,4.979000000000000000e+03
1.000000000000000000e+00,1.500000000000000000e+00,9.000000000000000000e+00,4.980000000000000000e+03
1.500000000000000000e+00,1.500000000000000000e+00,9.000000000000000000e+00,4.981000000000000000e+03
2.000000000000000000e+00,1.500000000000000000e+00,9.000000000000000000e+00,4.982000000000000000e+03
2.500000000000000000e+00,1.500000000000000000e+00,9.000000000000000000e+00,4.983000000000000000e+03
3.000000000000000000e+00,1.500000000000000000e+00,9.000000000000000000e+00,4.984000000000000000e+03
3.500000000000000000e+00,1.500000000000000000e+00,9.000000000000000000e+00,4.985000000000000000e+03
4.000000000000000000e+00,1.500000000000000000e+00,9.000000000000000000e+00,4.986000000000000000e+03
4.500000000000000000e+00,1.500000000000000000e+00,9.000000000000000000e+00,4.987000000000000000e+03
5.000000000000000000e+00,1.500000000000000000e+00,9.000000000000000000e+00,4.988000000000000000e+03
5.500000000000000000e+00,1.500000000000000000e+00,9.000000000000000000e+00,4.989000000000000000e+03
6.000000000000000000e+00,1.500000000000000000e+00,9.000000000000000000e+00,4.990000000000000000e+03
6.500000000000000000e+00,1.500000000000000000e+00,9.000000000000000000e+00,4.991000000000000000e+03
7.000000000000000000e+00,1.500000000000000000e+00,9.000000000000000000e+00,4.992000000000000000e+03
-7.000000000000000000e+00,1.500000000000000000e+00,9.500000000000000000e+00,4.993000000000000000e+03
-6.500000000000000000e+00,1.500000000000000000e+00,9.500000000000000000e+00,4.994000000000000000e+03
-6.000000000000000000e+00,1.500000000000000000e+00,9.500000000000000000e+00,4.995000000000000000e+03
-5.500000000000000000e+00,1.500000000000000000e+00,9.500000000000000000e+00,4.996000000000000000e+03
-5.000000000000000000e+00,1.500000000000000000e+00,9.500000000000000000e+00,4.997000000000000000e+03
-4.500000000000000000e+00,1.500000000000000000e+00,9.500000000000000000e+00,4.998000000000000000e+03
-4.000000000000000000e+00,1.500000000000000000e+00,9.500000000000000000e+00,4.999000000000000000e+03
-3.500000000000000000e+00,1.500000000000000000e+00,9.500000000000000000e+00,5.000000000000000000e+03
-3.000000000000000000e+00,1.500000000000000000e+00,9.500000000000000000e+00,5.001000000000000000e+03
-2.500000000000000000e+00,1.500000000000000000e+00,9.500000000000000000e+00,5.002000000000000000e+03
-2.000000000000000000e+00,1.500000000000000000e+00,9.500000000000000000e+00,5.003000000000000000e+03
-1.500000000000000000e+00,1.500000000000000000e+00,9.500000000000000000e+00,5.004000000000000000e+03
-1.000000000000000000e+00,1.500000000000000000e+00,9.500000000000000000e+00,5.005000000000000000e+03
-5.000000000000000000e-01,1.500000000000000000e+00,9.500000000000000000e+00,5.006000000000000000e+03
2.220446049250313081e-16,1.500000000000000000e+00,9.500000000000000000e+00,5.007000000000000000e+03
5.000000000000000000e-01,1.500000000000000000e+00,9.500000000000000000e+00,5.008000000000000000e+03
1.000000000000000000e+00,1.500000000000000000e+00,9.500000000000000000e+00,5.009000000000000000e+03
1.500000000000000000e+00,1.500000000000000000e+00,9.500000000000000000e+00,5.010000000000000000e+03
2.000000000000000000e+00,1.500000000000000000e+00,9.500000000000000000e+00,5.011000000000000000e+03
2.500000000000000000e+00,1.500000000000000000e+00,9.500000000000000000e+00,5.012000000000000000e+03
3.000000000000000000e+00,1.500000000000000000e+00,9.500000000000000000e+00,5.013000000000000000e+03
3.500000000000000000e+00,1.500000000000000000e+00,9.500000000000000000e+00,5.014000000000000000e+03
4.000000000000000000e+00,1.500000000000000000e+00,9.500000000000000000e+00,5.015000000000000000e+03
4.500000000000000000e+00,1.500000000000000000e+00,9.500000000000000000e+00,5.016000000000000000e+03
5.000000000000000000e+00,1.500000000000000000e+00,9.500000000000000000e+00,5.017000000000000000e+03
5.500000000000000000e+00,1.500000000000000000e+00,9.500000000000000000e+00,5.018000000000000000e+03
6.000000000000000000e+00,1.500000000000000000e+00,9.500000000000000000e+00,5.019000000000000000e+03
6.500000000000000000e+00,1.500000000000000000e+00,9.500000000000000000e+00,5.020000000000000000e+03
7.000000000000000000e+00,1.500000000000000000e+00,9.500000000000000000e+00,5.021000000000000000e+03
-7.000000000000000000e+00,1.500000000000000000e+00,1.000000000000000000e+01,5.022000000000000000e+03
-6.500000000000000000e+00,1.500000000000000000e+00,1.000000000000000000e+01,5.023000000000000000e+03
-6.000000000000000000e+00,1.500000000000000000e+00,1.000000000000000000e+01,5.024000000000000000e+03
-5.500000000000000000e+00,1.500000000000000000e+00,1.000000000000000000e+01,5.025000000000000000e+03
-5.000000000000000000e+00,1.500000000000000000e+00,1.000000000000000000e+01,5.026000000000000000e+03
-4.500000000000000000e+00,1.500000000000000000e+00,1.000000000000000000e+01,5.027000000000000000e+03
-4.000000000000000000e+00,1.500000000000000000e+00,1.000000000000000000e+01,5.028000000000000000e+03
-3.500000000000000000e+00,1.500000000000000000e+00,1.000000000000000000e+01,5.029000000000000000e+03
-3.000000000000000000e+00,1.500000000000000000e+00,1.000000000000000000e+01,5.030000000000000000e+03
-2.500000000000000000e+00,1.500000000000000000e+00,1.000000000000000000e+01,5.031000000000000000e+03
-2.000000000000000000e+00,1.500000000000000000e+00,1.000000000000000000e+01,5.032000000000000000e+03
-1.500000000000000000e+00,1.500000000000000000e+00,1.000000000000000000e+01,5.033000000000000000e+03
-1.000000000000000000e+00,1.500000000000000000e+00,1.000000000000000000e+01,5.034000000000000000e+03
-5.000000000000000000e-01,1.500000000000000000e+00,1.000000000000000000e+01,5.035000000000000000e+03
4.440892098500626162e-16,1.500000000000000000e+00,1.000000000000000000e+01,5.036000000000000000e+03
5.000000000000000000e-01,1.500000000000000000e+00,1.000000000000000000e+01,5.037000000000000000e+03
1.000000000000000000e+00,1.500000000000000000e+00,1.000000000000000000e+01,5.038000000000000000e+03
1.500000000000000000e+00,1.500000000000000000e+00,1.000000000000000000e+01,5.039000000000000000e+03
2.000000000000000000e+00,1.500000000000000000e+00,1.000000000000000000e+01,5.040000000000000000e+03
2.500000000000000000e+00,1.500000000000000000e+00,1.000000000000000000e+01,5.041000000000000000e+03
3.000000000000000000e+00,1.500000000000000000e+00,1.000000000000000000e+01,5.042000000000000000e+03
3.500000000000000000e+00,1.500000000000000000e+00,1.000000000000000000e+01,5.043000000000000000e+03
4.000000000000000000e+00,1.500000000000000000e+00,1.000000000000000000e+01,5.044000000000000000e+03
4.500000000000000000e+00,1.500000000000000000e+00,1.000000000000000000e+01,5.045000000000000000e+03
5.000000000000000000e+00,1.500000000000000000e+00,1.000000000000000000e+01,5.046000000000000000e+03
5.500000000000000000e+00,1.500000000000000000e+00,1.000000000000000000e+01,5.047000000000000000e+03
6.000000000000000000e+00,1.500000000000000000e+00,1.000000000000000000e+01,5.048000000000000000e+03
6.500000000000000000e+00,1.500000000000000000e+00,1.000000000000000000e+01,5.049000000000000000e+03
7.000000000000000000e+00,1.500000000000000000e+00,1.000000000000000000e+01,5.050000000000000000e+03
-7.000000000000000000e+00,1.500000000000000000e+00,1.050000000000000000e+01,5.051000000000000000e+03
-6.500000000000000000e+00,1.500000000000000000e+00,1.050000000000000000e+01,5.052000000000000000e+03
-6.000000000000000000e+00,1.500000000000000000e+00,1.050000000000000000e+01,5.053000000000000000e+03
-5.500000000000000000e+00,1.500000000000000000e+00,1.050000000000000000e+01,5.054000000000000000e+03
-5.000000000000000000e+00,1.500000000000000000e+00,1.050000000000000000e+01,5.055000000000000000e+03
-4.500000000000000000e+00,1.500000000000000000e+00,1.050000000000000000e+01,5.056000000000000000e+03
-4.000000000000000000e+00,1.500000000000000000e+00,1.050000000000000000e+01,5.057000000000000000e+03
-3.500000000000000000e+00,1.500000000000000000e+00,1.050000000000000000e+01,5.058000000000000000e+03
-3.000000000000000000e+00,1.500000000000000000e+00,1.050000000000000000e+01,5.059000000000000000e+03
-2.500000000000000000e+00,1.500000000000000000e+00,1.050000000000000000e+01,5.060000000000000000e+03
-2.000000000000000000e+00,1.500000000000000000e+00,1.050000000000000000e+01,5.061000000000000000e+03
-1.500000000000000000e+00,1.500000000000000000e+00,1.050000000000000000e+01,5.062000000000000000e+03
-1.000000000000000000e+00,1.500000000000000000e+00,1.050000000000000000e+01,5.063000000000000000e+03
-5.000000000000000000e-01,1.500000000000000000e+00,1.050000000000000000e+01,5.064000000000000000e+03
4.440892098500626162e-16,1.500000000000000000e+00,1.050000000000000000e+01,5.065000000000000000e+03
5.000000000000000000e-01,1.500000000000000000e+00,1.050000000000000000e+01,5.066000000000000000e+03
1.000000000000000000e+00,1.500000000000000000e+00,1.050000000000000000e+01,5.067000000000000000e+03
1.500000000000000000e+00,1.500000000000000000e+00,1.050000000000000000e+01,5.068000000000000000e+03
2.000000000000000000e+00,1.500000000000000000e+00,1.050000000000000000e+01,5.069000000000000000e+03
2.500000000000000000e+00,1.500000000000000000e+00,1.050000000000000000e+01,5.070000000000000000e+03
3.000000000000000000e+00,1.500000000000000000e+00,1.050000000000000000e+01,5.071000000000000000e+03
3.500000000000000000e+00,1.500000000000000000e+00,1.050000000000000000e+01,5.072000000000000000e+03
4.000000000000000000e+00,1.500000000000000000e+00,1.050000000000000000e+01,5.073000000000000000e+03
4.500000000000000000e+00,1.500000000000000000e+00,1.050000000000000000e+01,5.074000000000000000e+03
5.000000000000000000e+00,1.500000000000000000e+00,1.050000000000000000e+01,5.075000000000000000e+03
5.500000000000000000e+00,1.500000000000000000e+00,1.050000000000000000e+01,5.076000000000000000e+03
6.000000000000000000e+00,1.500000000000000000e+00,1.050000000000000000e+01,5.077000000000000000e+03
6.500000000000000000e+00,1.500000000000000000e+00,1.050000000000000000e+01,5.078000000000000000e+03
7.000000000000000000e+00,1.500000000000000000e+00,1.050000000000000000e+01,5.079000000000000000e+03
-7.000000000000000000e+00,1.500000000000000000e+00,1.100000000000000000e+01,5.080000000000000000e+03
-6.500000000000000000e+00,1.500000000000000000e+00,1.100000000000000000e+01,5.081000000000000000e+03
-6.000000000000000000e+00,1.500000000000000000e+00,1.100000000000000000e+01,5.082000000000000000e+03
-5.500000000000000000e+00,1.500000000000000000e+00,1.100000000000000000e+01,5.083000000000000000e+03
-5.000000000000000000e+00,1.500000000000000000e+00,1.100000000000000000e+01,5.084000000000000000e+03
-4.500000000000000000e+00,1.500000000000000000e+00,1.100000000000000000e+01,5.085000000000000000e+03
-4.000000000000000000e+00,1.500000000000000000e+00,1.100000000000000000e+01,5.086000000000000000e+03
-3.500000000000000000e+00,1.500000000000000000e+00,1.100000000000000000e+01,5.087000000000000000e+03
-3.000000000000000000e+00,1.500000000000000000e+00,1.100000000000000000e+01,5.088000000000000000e+03
-2.500000000000000000e+00,1.500000000000000000e+00,1.100000000000000000e+01,5.089000000000000000e+03
-2.000000000000000000e+00,1.500000000000000000e+00,1.100000000000000000e+01,5.090000000000000000e+03
-1.500000000000000000e+00,1.500000000000000000e+00,1.100000000000000000e+01,5.091000000000000000e+03
-1.000000000000000000e+00,1.500000000000000000e+00,1.100000000000000000e+01,5.092000000000000000e+03
-5.000000000000000000e-01,1.500000000000000000e+00,1.100000000000000000e+01,5.093000000000000000e+03
0.000000000000000000e+00,1.500000000000000000e+00,1.100000000000000000e+01,5.094000000000000000e+03
5.000000000000000000e-01,1.500000000000000000e+00,1.100000000000000000e+01,5.095000000000000000e+03
1.000000000000000000e+00,1.500000000000000000e+00,1.100000000000000000e+01,5.096000000000000000e+03
1.500000000000000000e+00,1.500000000000000000e+00,1.100000000000000000e+01,5.097000000000000000e+03
2.000000000000000000e+00,1.500000000000000000e+00,1.100000000000000000e+01,5.098000000000000000e+03
2.500000000000000000e+00,1.500000000000000000e+00,1.100000000000000000e+01,5.099000000000000000e+03
3.000000000000000000e+00,1.500000000000000000e+00,1.100000000000000000e+01,5.100000000000000000e+03
3.500000000000000000e+00,1.500000000000000000e+00,1.100000000000000000e+01,5.101000000000000000e+03
4.000000000000000000e+00,1.500000000000000000e+00,1.100000000000000000e+01,5.102000000000000000e+03
4.500000000000000000e+00,1.500000000000000000e+00,1.100000000000000000e+01,5.103000000000000000e+03
5.000000000000000000e+00,1.500000000000000000e+00,1.100000000000000000e+01,5.104000000000000000e+03
5.500000000000000000e+00,1.500000000000000000e+00,1.100000000000000000e+01,5.105000000000000000e+03
6.000000000000000000e+00,1.500000000000000000e+00,1.100000000000000000e+01,5.106000000000000000e+03
6.500000000000000000e+00,1.500000000000000000e+00,1.100000000000000000e+01,5.107000000000000000e+03
7.000000000000000000e+00,1.500000000000000000e+00,1.100000000000000000e+01,5.108000000000000000e+03
-7.000000000000000000e+00,1.500000000000000000e+00,1.150000000000000000e+01,5.109000000000000000e+03
-6.500000000000000000e+00,1.500000000000000000e+00,1.150000000000000000e+01,5.110000000000000000e+03
-6.000000000000000000e+00,1.500000000000000000e+00,1.150000000000000000e+01,5.111000000000000000e+03
-5.500000000000000000e+00,1.500000000000000000e+00,1.150000000000000000e+01,5.112000000000000000e+03
-5.000000000000000000e+00,1.500000000000000000e+00,1.150000000000000000e+01,5.113000000000000000e+03
-4.500000000000000000e+00,1.500000000000000000e+00,1.150000000000000000e+01,5.114000000000000000e+03
-4.000000000000000000e+00,1.500000000000000000e+00,1.150000000000000000e+01,5.115000000000000000e+03
-3.500000000000000000e+00,1.500000000000000000e+00,1.150000000000000000e+01,5.116000000000000000e+03
-3.000000000000000000e+00,1.500000000000000000e+00,1.150000000000000000e+01,5.117000000000000000e+03
-2.500000000000000000e+00,1.500000000000000000e+00,1.150000000000000000e+01,5.118000000000000000e+03
-2.000000000000000000e+00,1.500000000000000000e+00,1.150000000000000000e+01,5.119000000000000000e+03
-1.500000000000000000e+00,1.500000000000000000e+00,1.150000000000000000e+01,5.120000000000000000e+03
-1.000000000000000000e+00,1.500000000000000000e+00,1.150000000000000000e+01,5.121000000000000000e+03
-5.000000000000000000e-01,1.500000000000000000e+00,1.150000000000000000e+01,5.122000000000000000e+03
4.440892098500626162e-16,1.500000000000000000e+00,1.150000000000000000e+01,5.123000000000000000e+03
5.000000000000000000e-01,1.500000000000000000e+00,1.150000000000000000e+01,5.124000000000000000e+03
1.000000000000000000e+00,1.500000000000000000e+00,1.150000000000000000e+01,5.125000000000000000e+03
1.500000000000000000e+00,1.500000000000000000e+00,1.150000000000000000e+01,5.126000000000000000e+03
2.000000000000000000e+00,1.500000000000000000e+00,1.150000000000000000e+01,5.127000000000000000e+03
2.500000000000000000e+00,1.500000000000000000e+00,1.150000000000000000e+01,5.128000000000000000e+03
3.000000000000000000e+00,1.500000000000000000e+00,1.150000000000000000e+01,5.129000000000000000e+03
3.500000000000000000e+00,1.500000000000000000e+00,1.150000000000000000e+01,5.130000000000000000e+03
4.000000000000000000e+00,1.500000000000000000e+00,1.150000000000000000e+01,5.131000000000000000e+03
4.500000000000000000e+00,1.500000000000000000e+00,1.150000000000000000e+01,5.132000000000000000e+03
5.000000000000000000e+00,1.500000000000000000e+00,1.150000000000000000e+01,5.133000000000000000e+03
5.500000000000000000e+00,1.500000000000000000e+00,1.150000000000000000e+01,5.134000000000000000e+03
6.000000000000000000e+00,1.500000000000000000e+00,1.150000000000000000e+01,5.135000000000000000e+03
6.500000000000000000e+00,1.500000000000000000e+00,1.150000000000000000e+01,5.136000000000000000e+03
7.000000000000000000e+00,1.500000000000000000e+00,1.150000000000000000e+01,5.137000000000000000e+03
-7.000000000000000000e+00,1.500000000000000000e+00,1.200000000000000000e+01,5.138000000000000000e+03
-6.500000000000000000e+00,1.500000000000000000e+00,1.200000000000000000e+01,5.139000000000000000e+03
-6.000000000000000000e+00,1.500000000000000000e+00,1.200000000000000000e+01,5.140000000000000000e+03
-5.500000000000000000e+00,1.500000000000000000e+00,1.200000000000000000e+01,5.141000000000000000e+03
-5.000000000000000000e+00,1.500000000000000000e+00,1.200000000000000000e+01,5.142000000000000000e+03
-4.500000000000000000e+00,1.500000000000000000e+00,1.200000000000000000e+01,5.143000000000000000e+03
-4.000000000000000000e+00,1.500000000000000000e+00,1.200000000000000000e+01,5.144000000000000000e+03
-3.500000000000000000e+00,1.500000000000000000e+00,1.200000000000000000e+01,5.145000000000000000e+03
-3.000000000000000000e+00,1.500000000000000000e+00,1.200000000000000000e+01,5.146000000000000000e+03
-2.500000000000000000e+00,1.500000000000000000e+00,1.200000000000000000e+01,5.147000000000000000e+03
-2.000000000000000000e+00,1.500000000000000000e+00,1.200000000000000000e+01,5.148000000000000000e+03
-1.500000000000000000e+00,1.500000000000000000e+00,1.200000000000000000e+01,5.149000000000000000e+03
-1.000000000000000000e+00,1.500000000000000000e+00,1.200000000000000000e+01,5.150000000000000000e+03
-5.000000000000000000e-01,1.500000000000000000e+00,1.200000000000000000e+01,5.151000000000000000e+03
4.440892098500626162e-16,1.500000000000000000e+00,1.200000000000000000e+01,5.152000000000000000e+03
5.000000000000000000e-01,1.500000000000000000e+00,1.200000000000000000e+01,5.153000000000000000e+03
1.000000000000000000e+00,1.500000000000000000e+00,1.200000000000000000e+01,5.154000000000000000e+03
1.500000000000000000e+00,1.500000000000000000e+00,1.200000000000000000e+01,5.155000000000000000e+03
2.000000000000000000e+00,1.500000000000000000e+00,1.200000000000000000e+01,5.156000000000000000e+03
2.500000000000000000e+00,1.500000000000000000e+00,1.200000000000000000e+01,5.157000000000000000e+03
3.000000000000000000e+00,1.500000000000000000e+00,1.200000000000000000e+01,5.158000000000000000e+03
3.500000000000000000e+00,1.500000000000000000e+00,1.200000000000000000e+01,5.159000000000000000e+03
4.000000000000000000e+00,1.500000000000000000e+00,1.200000000000000000e+01,5.160000000000000000e+03
4.500000000000000000e+00,1.500000000000000000e+00,1.200000000000000000e+01,5.161000000000000000e+03
5.000000000000000000e+00,1.500000000000000000e+00,1.200000000000000000e+01,5.162000000000000000e+03
5.500000000000000000e+00,1.500000000000000000e+00,1.200000000000000000e+01,5.163000000000000000e+03
6.000000000000000000e+00,1.500000000000000000e+00,1.200000000000000000e+01,5.164000000000000000e+03
6.500000000000000000e+00,1.500000000000000000e+00,1.200000000000000000e+01,5.165000000000000000e+03
7.000000000000000000e+00,1.500000000000000000e+00,1.200000000000000000e+01,5.166000000000000000e+03
-7.000000000000000000e+00,1.500000000000000000e+00,1.250000000000000000e+01,5.167000000000000000e+03
-6.500000000000000000e+00,1.500000000000000000e+00,1.250000000000000000e+01,5.168000000000000000e+03
-6.000000000000000000e+00,1.500000000000000000e+00,1.250000000000000000e+01,5.169000000000000000e+03
-5.500000000000000000e+00,1.500000000000000000e+00,1.250000000000000000e+01,5.170000000000000000e+03
-5.000000000000000000e+00,1.500000000000000000e+00,1.250000000000000000e+01,5.171000000000000000e+03
-4.500000000000000000e+00,1.500000000000000000e+00,1.250000000000000000e+01,5.172000000000000000e+03
-4.000000000000000000e+00,1.500000000000000000e+00,1.250000000000000000e+01,5.173000000000000000e+03
-3.500000000000000000e+00,1.500000000000000000e+00,1.250000000000000000e+01,5.174000000000000000e+03
-3.000000000000000000e+00,1.500000000000000000e+00,1.250000000000000000e+01,5.175000000000000000e+03
-2.500000000000000000e+00,1.500000000000000000e+00,1.250000000000000000e+01,5.176000000000000000e+03
-2.000000000000000000e+00,1.500000000000000000e+00,1.250000000000000000e+01,5.177000000000000000e+03
-1.500000000000000000e+00,1.500000000000000000e+00,1.250000000000000000e+01,5.178000000000000000e+03
-1.000000000000000000e+00,1.500000000000000000e+00,1.250000000000000000e+01,5.179000000000000000e+03
-5.000000000000000000e-01,1.500000000000000000e+00,1.250000000000000000e+01,5.180000000000000000e+03
4.440892098500626162e-16,1.500000000000000000e+00,1.250000000000000000e+01,5.181000000000000000e+03
5.000000000000000000e-01,1.500000000000000000e+00,1.250000000000000000e+01,5.182000000000000000e+03
1.000000000000000000e+00,1.500000000000000000e+00,1.250000000000000000e+01,5.183000000000000000e+03
1.500000000000000000e+00,1.500000000000000000e+00,1.250000000000000000e+01,5.184000000000000000e+03
2.000000000000000000e+00,1.500000000000000000e+00,1.250000000000000000e+01,5.185000000000000000e+03
2.500000000000000000e+00,1.500000000000000000e+00,1.250000000000000000e+01,5.186000000000000000e+03
3.000000000000000000e+00,1.500000000000000000e+00,1.250000000000000000e+01,5.187000000000000000e+03
3.500000000000000000e+00,1.500000000000000000e+00,1.250000000000000000e+01,5.188000000000000000e+03
4.000000000000000000e+00,1.500000000000000000e+00,1.250000000000000000e+01,5.189000000000000000e+03
4.500000000000000000e+00,1.500000000000000000e+00,1.250000000000000000e+01,5.190000000000000000e+03
5.000000000000000000e+00,1.500000000000000000e+00,1.250000000000000000e+01,5.191000000000000000e+03
5.500000000000000000e+00,1.500000000000000000e+00,1.250000000000000000e+01,5.192000000000000000e+03
6.000000000000000000e+00,1.500000000000000000e+00,1.250000000000000000e+01,5.193000000000000000e+03
6.500000000000000000e+00,1.500000000000000000e+00,1.250000000000000000e+01,5.194000000000000000e+03
7.000000000000000000e+00,1.500000000000000000e+00,1.250000000000000000e+01,5.195000000000000000e+03
-7.000000000000000000e+00,1.500000000000000000e+00,1.300000000000000000e+01,5.196000000000000000e+03
-6.500000000000000000e+00,1.500000000000000000e+00,1.300000000000000000e+01,5.197000000000000000e+03
-6.000000000000000000e+00,1.500000000000000000e+00,1.300000000000000000e+01,5.198000000000000000e+03
-5.500000000000000000e+00,1.500000000000000000e+00,1.300000000000000000e+01,5.199000000000000000e+03
-5.000000000000000000e+00,1.500000000000000000e+00,1.300000000000000000e+01,5.200000000000000000e+03
-4.500000000000000000e+00,1.500000000000000000e+00,1.300000000000000000e+01,5.201000000000000000e+03
-4.000000000000000000e+00,1.500000000000000000e+00,1.300000000000000000e+01,5.202000000000000000e+03
-3.500000000000000000e+00,1.500000000000000000e+00,1.300000000000000000e+01,5.203000000000000000e+03
-3.000000000000000000e+00,1.500000000000000000e+00,1.300000000000000000e+01,5.204000000000000000e+03
-2.500000000000000000e+00,1.500000000000000000e+00,1.300000000000000000e+01,5.205000000000000000e+03
-2.000000000000000000e+00,1.500000000000000000e+00,1.300000000000000000e+01,5.206000000000000000e+03
-1.500000000000000000e+00,1.500000000000000000e+00,1.300000000000000000e+01,5.207000000000000000e+03
-1.000000000000000000e+00,1.500000000000000000e+00,1.300000000000000000e+01,5.208000000000000000e+03
-5.000000000000000000e-01,1.500000000000000000e+00,1.300000000000000000e+01,5.209000000000000000e+03
4.440892098500626162e-16,1.500000000000000000e+00,1.300000000000000000e+01,5.210000000000000000e+03
5.000000000000000000e-01,1.500000000000000000e+00,1.300000000000000000e+01,5.211000000000000000e+03
1.000000000000000000e+00,1.500000000000000000e+00,1.300000000000000000e+01,5.212000000000000000e+03
1.500000000000000000e+00,1.500000000000000000e+00,1.300000000000000000e+01,5.213000000000000000e+03
2.000000000000000000e+00,1.500000000000000000e+00,1.300000000000000000e+01,5.214000000000000000e+03
2.500000000000000000e+00,1.500000000000000000e+00,1.300000000000000000e+01,5.215000000000000000e+03
3.000000000000000000e+00,1.500000000000000000e+00,1.300000000000000000e+01,5.216000000000000000e+03
3.500000000000000000e+00,1.500000000000000000e+00,1.300000000000000000e+01,5.217000000000000000e+03
4.000000000000000000e+00,1.500000000000000000e+00,1.300000000000000000e+01,5.218000000000000000e+03
4.500000000000000000e+00,1.500000000000000000e+00,1.300000000000000000e+01,5.219000000000000000e+03
5.000000000000000000e+00,1.500000000000000000e+00,1.300000000000000000e+01,5.220000000000000000e+03
5.500000000000000000e+00,1.500000000000000000e+00,1.300000000000000000e+01,5.221000000000000000e+03
6.000000000000000000e+00,1.500000000000000000e+00,1.300000000000000000e+01,5.222000000000000000e+03
6.500000000000000000e+00,1.500000000000000000e+00,1.300000000000000000e+01,5.223000000000000000e+03
7.000000000000000000e+00,1.500000000000000000e+00,1.300000000000000000e+01,5.224000000000000000e+03
-7.000000000000000000e+00,1.500000000000000000e+00,1.350000000000000000e+01,5.225000000000000000e+03
-6.500000000000000000e+00,1.500000000000000000e+00,1.350000000000000000e+01,5.226000000000000000e+03
-6.000000000000000000e+00,1.500000000000000000e+00,1.350000000000000000e+01,5.227000000000000000e+03
-5.500000000000000000e+00,1.500000000000000000e+00,1.350000000000000000e+01,5.228000000000000000e+03
-5.000000000000000000e+00,1.500000000000000000e+00,1.350000000000000000e+01,5.229000000000000000e+03
-4.500000000000000000e+00,1.500000000000000000e+00,1.350000000000000000e+01,5.230000000000000000e+03
-4.000000000000000000e+00,1.500000000000000000e+00,1.350000000000000000e+01,5.231000000000000000e+03
-3.500000000000000000e+00,1.500000000000000000e+00,1.350000000000000000e+01,5.232000000000000000e+03
-3.000000000000000000e+00,1.500000000000000000e+00,1.350000000000000000e+01,5.233000000000000000e+03
-2.500000000000000000e+00,1.500000000000000000e+00,1.350000000000000000e+01,5.234000000000000000e+03
-2.000000000000000000e+00,1.500000000000000000e+00,1.350000000000000000e+01,5.235000000000000000e+03
-1.500000000000000000e+00,1.500000000000000000e+00,1.350000000000000000e+01,5.236000000000000000e+03
-1.000000000000000000e+00,1.500000000000000000e+00,1.350000000000000000e+01,5.237000000000000000e+03
-5.000000000000000000e-01,1.500000000000000000e+00,1.350000000000000000e+01,5.238000000000000000e+03
0.000000000000000000e+00,1.500000000000000000e+00,1.350000000000000000e+01,5.239000000000000000e+03
5.000000000000000000e-01,1.500000000000000000e+00,1.350000000000000000e+01,5.240000000000000000e+03
1.000000000000000000e+00,1.500000000000000000e+00,1.350000000000000000e+01,5.241000000000000000e+03
1.500000000000000000e+00,1.500000000000000000e+00,1.350000000000000000e+01,5.242000000000000000e+03
2.000000000000000000e+00,1.500000000000000000e+00,1.350000000000000000e+01,5.243000000000000000e+03
2.500000000000000000e+00,1.500000000000000000e+00,1.350000000000000000e+01,5.244000000000000000e+03
3.000000000000000000e+00,1.500000000000000000e+00,1.350000000000000000e+01,5.245000000000000000e+03
3.500000000000000000e+00,1.500000000000000000e+00,1.350000000000000000e+01,5.246000000000000000e+03
4.000000000000000000e+00,1.500000000000000000e+00,1.350000000000000000e+01,5.247000000000000000e+03
4.500000000000000000e+00,1.500000000000000000e+00,1.350000000000000000e+01,5.248000000000000000e+03
5.000000000000000000e+00,1.500000000000000000e+00,1.350000000000000000e+01,5.249000000000000000e+03
5.500000000000000000e+00,1.500000000000000000e+00,1.350000000000000000e+01,5.250000000000000000e+03
6.000000000000000000e+00,1.500000000000000000e+00,1.350000000000000000e+01,5.251000000000000000e+03
6.500000000000000000e+00,1.500000000000000000e+00,1.350000000000000000e+01,5.252000000000000000e+03
7.000000000000000000e+00,1.500000000000000000e+00,1.350000000000000000e+01,5.253000000000000000e+03
-7.000000000000000000e+00,1.500000000000000000e+00,1.400000000000000000e+01,5.254000000000000000e+03
-6.500000000000000000e+00,1.500000000000000000e+00,1.400000000000000000e+01,5.255000000000000000e+03
-6.000000000000000000e+00,1.500000000000000000e+00,1.400000000000000000e+01,5.256000000000000000e+03
-5.500000000000000000e+00,1.500000000000000000e+00,1.400000000000000000e+01,5.257000000000000000e+03
-5.000000000000000000e+00,1.500000000000000000e+00,1.400000000000000000e+01,5.258000000000000000e+03
-4.500000000000000000e+00,1.500000000000000000e+00,1.400000000000000000e+01,5.259000000000000000e+03
-4.000000000000000000e+00,1.500000000000000000e+00,1.400000000000000000e+01,5.260000000000000000e+03
-3.500000000000000000e+00,1.500000000000000000e+00,1.400000000000000000e+01,5.261000000000000000e+03
-3.000000000000000000e+00,1.500000000000000000e+00,1.400000000000000000e+01,5.262000000000000000e+03
-2.500000000000000000e+00,1.500000000000000000e+00,1.400000000000000000e+01,5.263000000000000000e+03
-2.000000000000000000e+00,1.500000000000000000e+00,1.400000000000000000e+01,5.264000000000000000e+03
-1.500000000000000000e+00,1.500000000000000000e+00,1.400000000000000000e+01,5.265000000000000000e+03
-1.000000000000000000e+00,1.500000000000000000e+00,1.400000000000000000e+01,5.266000000000000000e+03
-5.000000000000000000e-01,1.500000000000000000e+00,1.400000000000000000e+01,5.267000000000000000e+03
0.000000000000000000e+00,1.500000000000000000e+00,1.400000000000000000e+01,5.268000000000000000e+03
5.000000000000000000e-01,1.500000000000000000e+00,1.400000000000000000e+01,5.269000000000000000e+03
1.000000000000000000e+00,1.500000000000000000e+00,1.400000000000000000e+01,5.270000000000000000e+03
1.500000000000000000e+00,1.500000000000000000e+00,1.400000000000000000e+01,5.271000000000000000e+03
2.000000000000000000e+00,1.500000000000000000e+00,1.400000000000000000e+01,5.272000000000000000e+03
2.500000000000000000e+00,1.500000000000000000e+00,1.400000000000000000e+01,5.273000000000000000e+03
3.000000000000000000e+00,1.500000000000000000e+00,1.400000000000000000e+01,5.274000000000000000e+03
3.500000000000000000e+00,1.500000000000000000e+00,1.400000000000000000e+01,5.275000000000000000e+03
4.000000000000000000e+00,1.500000000000000000e+00,1.400000000000000000e+01,5.276000000000000000e+03
4.500000000000000000e+00,1.500000000000000000e+00,1.400000000000000000e+01,5.277000000000000000e+03
5.000000000000000000e+00,1.500000000000000000e+00,1.400000000000000000e+01,5.278000000000000000e+03
5.500000000000000000e+00,1.500000000000000000e+00,1.400000000000000000e+01,5.279000000000000000e+03
6.000000000000000000e+00,1.500000000000000000e+00,1.400000000000000000e+01,5.280000000000000000e+03
6.500000000000000000e+00,1.500000000000000000e+00,1.400000000000000000e+01,5.281000000000000000e+03
7.000000000000000000e+00,1.500000000000000000e+00,1.400000000000000000e+01,5.282000000000000000e+03
-7.000000000000000000e+00,1.500000000000000000e+00,1.450000000000000000e+01,5.283000000000000000e+03
-6.500000000000000000e+00,1.500000000000000000e+00,1.450000000000000000e+01,5.284000000000000000e+03
-6.000000000000000000e+00,1.500000000000000000e+00,1.450000000000000000e+01,5.285000000000000000e+03
-5.500000000000000000e+00,1.500000000000000000e+00,1.450000000000000000e+01,5.286000000000000000e+03
-5.000000000000000000e+00,1.500000000000000000e+00,1.450000000000000000e+01,5.287000000000000000e+03
-4.500000000000000000e+00,1.500000000000000000e+00,1.450000000000000000e+01,5.288000000000000000e+03
-4.000000000000000000e+00,1.500000000000000000e+00,1.450000000000000000e+01,5.289000000000000000e+03
-3.500000000000000000e+00,1.500000000000000000e+00,1.450000000000000000e+01,5.290000000000000000e+03
-3.000000000000000000e+00,1.500000000000000000e+00,1.450000000000000000e+01,5.291000000000000000e+03
-2.500000000000000000e+00,1.500000000000000000e+00,1.450000000000000000e+01,5.292000000000000000e+03
-2.000000000000000000e+00,1.500000000000000000e+00,1.450000000000000000e+01,5.293000000000000000e+03
-1.500000000000000000e+00,1.500000000000000000e+00,1.450000000000000000e+01,5.294000000000000000e+03
-1.000000000000000000e+00,1.500000000000000000e+00,1.450000000000000000e+01,5.295000000000000000e+03
-5.000000000000000000e-01,1.500000000000000000e+00,1.450000000000000000e+01,5.296000000000000000e+03
0.000000000000000000e+00,1.500000000000000000e+00,1.450000000000000000e+01,5.297000000000000000e+03
5.000000000000000000e-01,1.500000000000000000e+00,1.450000000000000000e+01,5.298000000000000000e+03
1.000000000000000000e+00,1.500000000000000000e+00,1.450000000000000000e+01,5.299000000000000000e+03
1.500000000000000000e+00,1.500000000000000000e+00,1.450000000000000000e+01,5.300000000000000000e+03
2.000000000000000000e+00,1.500000000000000000e+00,1.450000000000000000e+01,5.301000000000000000e+03
2.500000000000000000e+00,1.500000000000000000e+00,1.450000000000000000e+01,5.302000000000000000e+03
3.000000000000000000e+00,1.500000000000000000e+00,1.450000000000000000e+01,5.303000000000000000e+03
3.500000000000000000e+00,1.500000000000000000e+00,1.450000000000000000e+01,5.304000000000000000e+03
4.000000000000000000e+00,1.500000000000000000e+00,1.450000000000000000e+01,5.305000000000000000e+03
4.500000000000000000e+00,1.500000000000000000e+00,1.450000000000000000e+01,5.306000000000000000e+03
5.000000000000000000e+00,1.500000000000000000e+00,1.450000000000000000e+01,5.307000000000000000e+03
5.500000000000000000e+00,1.500000000000000000e+00,1.450000000000000000e+01,5.308000000000000000e+03
6.000000000000000000e+00,1.500000000000000000e+00,1.450000000000000000e+01,5.309000000000000000e+03
6.500000000000000000e+00,1.500000000000000000e+00,1.450000000000000000e+01,5.310000000000000000e+03
7.000000000000000000e+00,1.500000000000000000e+00,1.450000000000000000e+01,5.311000000000000000e+03
-7.000000000000000000e+00,1.500000000000000000e+00,1.500000000000000000e+01,5.312000000000000000e+03
-6.500000000000000000e+00,1.500000000000000000e+00,1.500000000000000000e+01,5.313000000000000000e+03
-6.000000000000000000e+00,1.500000000000000000e+00,1.500000000000000000e+01,5.314000000000000000e+03
-5.500000000000000000e+00,1.500000000000000000e+00,1.500000000000000000e+01,5.315000000000000000e+03
-5.000000000000000000e+00,1.500000000000000000e+00,1.500000000000000000e+01,5.316000000000000000e+03
-4.500000000000000000e+00,1.500000000000000000e+00,1.500000000000000000e+01,5.317000000000000000e+03
-4.000000000000000000e+00,1.500000000000000000e+00,1.500000000000000000e+01,5.318000000000000000e+03
-3.500000000000000000e+00,1.500000000000000000e+00,1.500000000000000000e+01,5.319000000000000000e+03
-3.000000000000000000e+00,1.500000000000000000e+00,1.500000000000000000e+01,5.320000000000000000e+03
-2.500000000000000000e+00,1.500000000000000000e+00,1.500000000000000000e+01,5.321000000000000000e+03
-2.000000000000000000e+00,1.500000000000000000e+00,1.500000000000000000e+01,5.322000000000000000e+03
-1.500000000000000000e+00,1.500000000000000000e+00,1.500000000000000000e+01,5.323000000000000000e+03
-1.000000000000000000e+00,1.500000000000000000e+00,1.500000000000000000e+01,5.324000000000000000e+03
-5.000000000000000000e-01,1.500000000000000000e+00,1.500000000000000000e+01,5.325000000000000000e+03
0.000000000000000000e+00,1.500000000000000000e+00,1.500000000000000000e+01,5.326000000000000000e+03
5.000000000000000000e-01,1.500000000000000000e+00,1.500000000000000000e+01,5.327000000000000000e+03
1.000000000000000000e+00,1.500000000000000000e+00,1.500000000000000000e+01,5.328000000000000000e+03
1.500000000000000000e+00,1.500000000000000000e+00,1.500000000000000000e+01,5.329000000000000000e+03
2.000000000000000000e+00,1.500000000000000000e+00,1.500000000000000000e+01,5.330000000000000000e+03
2.500000000000000000e+00,1.500000000000000000e+00,1.500000000000000000e+01,5.331000000000000000e+03
3.000000000000000000e+00,1.500000000000000000e+00,1.500000000000000000e+01,5.332000000000000000e+03
3.500000000000000000e+00,1.500000000000000000e+00,1.500000000000000000e+01,5.333000000000000000e+03
4.000000000000000000e+00,1.500000000000000000e+00,1.500000000000000000e+01,5.334000000000000000e+03
4.500000000000000000e+00,1.500000000000000000e+00,1.500000000000000000e+01,5.335000000000000000e+03
5.000000000000000000e+00,1.500000000000000000e+00,1.500000000000000000e+01,5.336000000000000000e+03
5.500000000000000000e+00,1.500000000000000000e+00,1.500000000000000000e+01,5.337000000000000000e+03
6.000000000000000000e+00,1.500000000000000000e+00,1.500000000000000000e+01,5.338000000000000000e+03
6.500000000000000000e+00,1.500000000000000000e+00,1.500000000000000000e+01,5.339000000000000000e+03
7.000000000000000000e+00,1.500000000000000000e+00,1.500000000000000000e+01,5.340000000000000000e+03
-7.000000000000000000e+00,1.500000000000000000e+00,1.550000000000000000e+01,5.341000000000000000e+03
-6.500000000000000000e+00,1.500000000000000000e+00,1.550000000000000000e+01,5.342000000000000000e+03
-6.000000000000000000e+00,1.500000000000000000e+00,1.550000000000000000e+01,5.343000000000000000e+03
-5.500000000000000000e+00,1.500000000000000000e+00,1.550000000000000000e+01,5.344000000000000000e+03
-5.000000000000000000e+00,1.500000000000000000e+00,1.550000000000000000e+01,5.345000000000000000e+03
-4.500000000000000000e+00,1.500000000000000000e+00,1.550000000000000000e+01,5.346000000000000000e+03
-4.000000000000000000e+00,1.500000000000000000e+00,1.550000000000000000e+01,5.347000000000000000e+03
-3.500000000000000000e+00,1.500000000000000000e+00,1.550000000000000000e+01,5.348000000000000000e+03
-3.000000000000000000e+00,1.500000000000000000e+00,1.550000000000000000e+01,5.349000000000000000e+03
-2.500000000000000000e+00,1.500000000000000000e+00,1.550000000000000000e+01,5.350000000000000000e+03
-2.000000000000000000e+00,1.500000000000000000e+00,1.550000000000000000e+01,5.351000000000000000e+03
-1.500000000000000000e+00,1.500000000000000000e+00,1.550000000000000000e+01,5.352000000000000000e+03
-1.000000000000000000e+00,1.500000000000000000e+00,1.550000000000000000e+01,5.353000000000000000e+03
-5.000000000000000000e-01,1.500000000000000000e+00,1.550000000000000000e+01,5.354000000000000000e+03
0.000000000000000000e+00,1.500000000000000000e+00,1.550000000000000000e+01,5.355000000000000000e+03
5.000000000000000000e-01,1.500000000000000000e+00,1.550000000000000000e+01,5.356000000000000000e+03
1.000000000000000000e+00,1.500000000000000000e+00,1.550000000000000000e+01,5.357000000000000000e+03
1.500000000000000000e+00,1.500000000000000000e+00,1.550000000000000000e+01,5.358000000000000000e+03
2.000000000000000000e+00,1.500000000000000000e+00,1.550000000000000000e+01,5.359000000000000000e+03
2.500000000000000000e+00,1.500000000000000000e+00,1.550000000000000000e+01,5.360000000000000000e+03
3.000000000000000000e+00,1.500000000000000000e+00,1.550000000000000000e+01,5.361000000000000000e+03
3.500000000000000000e+00,1.500000000000000000e+00,1.550000000000000000e+01,5.362000000000000000e+03
4.000000000000000000e+00,1.500000000000000000e+00,1.550000000000000000e+01,5.363000000000000000e+03
4.500000000000000000e+00,1.500000000000000000e+00,1.550000000000000000e+01,5.364000000000000000e+03
5.000000000000000000e+00,1.500000000000000000e+00,1.550000000000000000e+01,5.365000000000000000e+03
5.500000000000000000e+00,1.500000000000000000e+00,1.550000000000000000e+01,5.366000000000000000e+03
6.000000000000000000e+00,1.500000000000000000e+00,1.550000000000000000e+01,5.367000000000000000e+03
6.500000000000000000e+00,1.500000000000000000e+00,1.550000000000000000e+01,5.368000000000000000e+03
7.000000000000000000e+00,1.500000000000000000e+00,1.550000000000000000e+01,5.369000000000000000e+03
-7.000000000000000000e+00,1.500000000000000000e+00,1.600000000000000000e+01,5.370000000000000000e+03
-6.500000000000000000e+00,1.500000000000000000e+00,1.600000000000000000e+01,5.371000000000000000e+03
-6.000000000000000000e+00,1.500000000000000000e+00,1.600000000000000000e+01,5.372000000000000000e+03
-5.500000000000000000e+00,1.500000000000000000e+00,1.600000000000000000e+01,5.373000000000000000e+03
-5.000000000000000000e+00,1.500000000000000000e+00,1.600000000000000000e+01,5.374000000000000000e+03
-4.500000000000000000e+00,1.500000000000000000e+00,1.600000000000000000e+01,5.375000000000000000e+03
-4.000000000000000000e+00,1.500000000000000000e+00,1.600000000000000000e+01,5.376000000000000000e+03
-3.500000000000000000e+00,1.500000000000000000e+00,1.600000000000000000e+01,5.377000000000000000e+03
-3.000000000000000000e+00,1.500000000000000000e+00,1.600000000000000000e+01,5.378000000000000000e+03
-2.500000000000000000e+00,1.500000000000000000e+00,1.600000000000000000e+01,5.379000000000000000e+03
-2.000000000000000000e+00,1.500000000000000000e+00,1.600000000000000000e+01,5.380000000000000000e+03
-1.500000000000000000e+00,1.500000000000000000e+00,1.600000000000000000e+01,5.381000000000000000e+03
-1.000000000000000000e+00,1.500000000000000000e+00,1.600000000000000000e+01,5.382000000000000000e+03
-5.000000000000000000e-01,1.500000000000000000e+00,1.600000000000000000e+01,5.383000000000000000e+03
0.000000000000000000e+00,1.500000000000000000e+00,1.600000000000000000e+01,5.384000000000000000e+03
5.000000000000000000e-01,1.500000000000000000e+00,1.600000000000000000e+01,5.385000000000000000e+03
1.000000000000000000e+00,1.500000000000000000e+00,1.600000000000000000e+01,5.386000000000000000e+03
1.500000000000000000e+00,1.500000000000000000e+00,1.600000000000000000e+01,5.387000000000000000e+03
2.000000000000000000e+00,1.500000000000000000e+00,1.600000000000000000e+01,5.388000000000000000e+03
2.500000000000000000e+00,1.500000000000000000e+00,1.600000000000000000e+01,5.389000000000000000e+03
3.000000000000000000e+00,1.500000000000000000e+00,1.600000000000000000e+01,5.390000000000000000e+03
3.500000000000000000e+00,1.500000000000000000e+00,1.600000000000000000e+01,5.391000000000000000e+03
4.000000000000000000e+00,1.500000000000000000e+00,1.600000000000000000e+01,5.392000000000000000e+03
4.500000000000000000e+00,1.500000000000000000e+00,1.600000000000000000e+01,5.393000000000000000e+03
5.000000000000000000e+00,1.500000000000000000e+00,1.600000000000000000e+01,5.394000000000000000e+03
5.500000000000000000e+00,1.500000000000000000e+00,1.600000000000000000e+01,5.395000000000000000e+03
6.000000000000000000e+00,1.500000000000000000e+00,1.600000000000000000e+01,5.396000000000000000e+03
6.500000000000000000e+00,1.500000000000000000e+00,1.600000000000000000e+01,5.397000000000000000e+03
7.000000000000000000e+00,1.500000000000000000e+00,1.600000000000000000e+01,5.398000000000000000e+03
-6.618181705474853516e+00,1.500000000000000000e+00,9.622123241424560547e-01,5.399000000000000000e+03
7.890472412109375000e+00,1.500000000000000000e+00,2.437467813491821289e+00,5.400000000000000000e+03
-7.701363563537597656e+00,1.500000000000000000e+00,1.037301063537597656e+00,5.401000000000000000e+03
-5.573247432708740234e+00,1.500000000000000000e+00,1.120804786682128906e+00,5.402000000000000000e+03
-4.624989509582519531e+00,1.500000000000000000e+00,9.785724282264709473e-01,5.403000000000000000e+03
-3.387772798538208008e+00,1.500000000000000000e+00,1.017294168472290039e+00,5.404000000000000000e+03
-2.469324350357055664e+00,1.500000000000000000e+00,1.136759877204895020e+00,5.405000000000000000e+03
-1.424633741378784180e+00,1.500000000000000000e+00,9.645238518714904785e-01,5.406000000000000000e+03
-3.412116765975952148e-01,1.500000000000000000e+00,1.008099436759948730e+00,5.407000000000000000e+03
6.685474514961242676e-01,1.500000000000000000e+00,1.038958668708801270e+00,5.408000000000000000e+03
1.819205045700073242e+00,1.500000000000000000e+00,1.086517930030822754e+00,5.409000000000000000e+03
2.814759254455566406e+00,1.500000000000000000e+00,9.926713705062866211e-01,5.410000000000000000e+03
3.853750467300415039e+00,1.500000000000000000e+00,9.831209778785705566e-01,5.411000000000000000e+03
4.977326393127441406e+00,1.500000000000000000e+00,1.163650512695312500e+00,5.412000000000000000e+03
5.981860160827636719e+00,1.500000000000000000e+00,1.111129045486450195e+00,5.413000000000000000e+03
6.934428215026855469e+00,1.500000000000000000e+00,1.153452038764953613e+00,5.414000000000000000e+03
7.895820140838623047e+00,1.500000000000000000e+00,1.200786590576171875e+00,5.415000000000000000e+03
-7.867741584777832031e+00,1.500000000000000000e+00,2.050847530364990234e+00,5.416000000000000000e+03
-7.838366508483886719e+00,1.500000000000000000e+00,2.975872993469238281e+00,5.417000000000000000e+03
-7.967433929443359375e+00,1.500000000000000000e+00,3.895650863647460938e+00,5.418000000000000000e+03
-8.033164024353027344e+00,1.500000000000000000e+00,5.134248256683349609e+00,5.419000000000000000e+03
-8.011685371398925781e+00,1.500000000000000000e+00,6.173825740814208984e+00,5.420000000000000000e+03
-7.983772754669189453e+00,1.500000000000000000e+00,7.184555053710937500e+00,5.421000000000000000e+03
-7.906894207000732422e+00,1.500000000000000000e+00,8.338932991027832031e+00,5.422000000000000000e+03
-7.994003295898437500e+00,1.500000000000000000e+00,9.338169097900390625e+00,5.423000000000000000e+03
-8.035268783569335938e+00,1.500000000000000000e+00,1.042501640319824219e+01,5.424000000000000000e+03
-7.862032413482666016e+00,1.500000000000000000e+00,1.146966075897216797e+01,5.425000000000000000e+03
-7.982368469238281250e+00,1.500000000000000000e+00,1.238805770874023438e+01,5.426000000000000000e+03
-8.022118568420410156e+00,1.500000000000000000e+00,1.362518787384033203e+01,5.427000000000000000e+03
-7.879847049713134766e+00,1.500000000000000000e+00,1.457335758209228516e+01,5.428000000000000000e+03
-8.037727355957031250e+00,1.500000000000000000e+00,1.561799335479736328e+01,5.429000000000000000e+03
7.795609951019287109e+00,1.500000000000000000e+00,1.688843727111816406e+01,5.430000000000000000e+03
6.593991756439208984e+00,1.500000000000000000e+00,1.704465484619140625e+01,5.431000000000000000e+03
5.494970321655273438e+00,1.500000000000000000e+00,1.689052581787109375e+01,5.432000000000000000e+03
4.492483615875244141e+00,1.500000000000000000e+00,1.690759849548339844e+01,5.433000000000000000e+03
3.438150644302368164e+00,1.500000000000000000e+00,1.689050674438476562e+01,5.434000000000000000e+03
2.414571046829223633e+00,1.500000000000000000e+00,1.699115371704101562e+01,5.435000000000000000e+03
1.457983136177062988e+00,1.500000000000000000e+00,1.689698028564453125e+01,5.436000000000000000e+03
3.495811522006988525e-01,1.500000000000000000e+00,1.699921989440917969e+01,5.437000000000000000e+03
-5.664839744567871094e-01,1.500000000000000000e+00,1.686429023742675781e+01,5.438000000000000000e+03
-2.004867792129516602e+00,1.500000000000000000e+00,1.686730384826660156e+01,5.439000000000000000e+03
-2.996462345123291016e+00,1.500000000000000000e+00,1.687406921386718750e+01,5.440000000000000000e+03
-3.989310264587402344e+00,1.500000000000000000e+00,1.689870643615722656e+01,5.441000000000000000e+03
-5.041477203369140625e+00,1.500000000000000000e+00,1.687829589843750000e+01,5.442000000000000000e+03
-5.999738216400146484e+00,1.500000000000000000e+00,1.685535812377929688e+01,5.443000000000000000e+03
-6.943172454833984375e+00,1.500000000000000000e+00,1.687426185607910156e+01,5.444000000000000000e+03
-7.961740970611572266e+00,1.500000000000000000e+00,1.670203781127929688e+01,5.445000000000000000e+03
7.825180530548095703e+00,1.500000000000000000e+00,1.594833183288574219e+01,5.446000000000000000e+03
7.846322059631347656e+00,1.500000000000000000e+00,1.504605102539062500e+01,5.447000000000000000e+03
8.005446434020996094e+00,1.500000000000000000e+00,1.412131500244140625e+01,5.448000000000000000e+03
7.967705726623535156e+00,1.500000000000000000e+00,1.291072082519531250e+01,5.449000000000000000e+03
7.855463981628417969e+00,1.500000000000000000e+00,1.198444557189941406e+01,5.450000000000000000e+03
7.956586360931396484e+00,1.500000000000000000e+00,1.091515636444091797e+01,5.451000000000000000e+03
7.964216232299804688e+00,1.500000000000000000e+00,9.670966148376464844e+00,5.452000000000000000e+03
7.991573810577392578e+00,1.500000000000000000e+00,8.658632278442382812e+00,5.453000000000000000e+03
8.038269996643066406e+00,1.500000000000000000e+00,7.576172351837158203e+00,5.454000000000000000e+03
7.865448951721191406e+00,1.500000000000000000e+00,6.527791976928710938e+00,5.455000000000000000e+03
7.976886272430419922e+00,1.500000000000000000e+00,5.600427627563476562e+00,5.456000000000000000e+03
8.026782989501953125e+00,1.500000000000000000e+00,4.364896297454833984e+00,5.457000000000000000e+03
7.947196483612060547e+00,1.500000000000000000e+00,3.353501796722412109e+00,5.458000000000000000e+03
-7.386590957641601562e+00,1.500000000000000000e+00,1.697130584716796875e+01,5.459000000000000000e+03
6.476847648620605469e+00,1.500000000000000000e+00,1.137261509895324707e+00,5.460000000000000000e+03
-6.480857849121093750e+00,1.500000000000000000e+00,1.685871124267578125e+01,5.461000000000000000e+03
7.866777896881103516e+00,1.500000000000000000e+00,1.245623874664306641e+01,5.462000000000000000e+03
3.328080654144287109e+00,1.500000000000000000e+00,9.890156388282775879e-01,5.463000000000000000e+03
7.874454021453857422e+00,1.500000000000000000e+00,6.058815002441406250e+00,5.464000000000000000e+03
-8.021107673645019531e+00,1.500000000000000000e+00,5.663688182830810547e+00,5.465000000000000000e+03
-3.491647005081176758e+00,1.500000000000000000e+00,1.687987518310546875e+01,5.466000000000000000e+03
2.652709960937500000e+00,1.500000000000000000e+00,5.123616456985473633e-01,5.467000000000000000e+03
4.183679580688476562e+00,1.500000000000000000e+00,4.554195702075958252e-01,5.468000000000000000e+03
5.519049167633056641e+00,1.500000000000000000e+00,4.002307355403900146e-01,5.469000000000000000e+03
6.011369228363037109e+00,1.500000000000000000e+00,3.750312030315399170e-01,5.470000000000000000e+03
6.495118141174316406e+00,1.500000000000000000e+00,3.863871395587921143e-01,5.471000000000000000e+03
6.988582611083984375e+00,1.500000000000000000e+00,4.152999520301818848e-01,5.472000000000000000e+03
7.493262767791748047e+00,1.500000000000000000e+00,4.737556278705596924e-01,5.473000000000000000e+03
1.487785339355468750e+00,1.500000000000000000e+00,6.453706622123718262e-01,5.474000000000000000e+03
3.382807374000549316e-01,1.500000000000000000e+00,5.317819714546203613e-01,5.475000000000000000e+03
-6.767380237579345703e-01,1.500000000000000000e+00,5.001846551895141602e-01,5.476000000000000000e+03
-2.034090995788574219e+00,1.500000000000000000e+00,3.618620932102203369e-01,5.477000000000000000e+03
-1.990444660186767578e+00,1.500000000000000000e+00,1.101023674011230469e+00,5.478000000000000000e+03
-3.087951898574829102e+00,1.500000000000000000e+00,5.199782848358154297e-01,5.479000000000000000e+03
-2.931961774826049805e+00,1.500000000000000000e+00,1.124136686325073242e+00,5.480000000000000000e+03
-8.542086601257324219e+00,1.500000000000000000e+00,1.595272898674011230e+00,5.481000000000000000e+03
-8.408938407897949219e+00,1.500000000000000000e+00,5.615059733390808105e-01,5.482000000000000000e+03
-4.839519023895263672e+00,1.500000000000000000e+00,4.943099319934844971e-01,5.483000000000000000e+03
-3.991396188735961914e+00,1.500000000000000000e+00,2.666044831275939941e-01,5.484000000000000000e+03
-7.969553470611572266e+00,1.500000000000000000e+00,1.609181523323059082e+00,5.485000000000000000e+03
-8.578750610351562500e+00,1.500000000000000000e+00,3.006637334823608398e+00,5.486000000000000000e+03
-7.846521377563476562e+00,1.500000000000000000e+00,2.508282184600830078e+00,5.487000000000000000e+03
-8.564180374145507812e+00,1.500000000000000000e+00,4.139321327209472656e+00,5.488000000000000000e+03
-7.859723567962646484e+00,1.500000000000000000e+00,3.441916704177856445e+00,5.489000000000000000e+03
-7.898273944854736328e+00,1.500000000000000000e+00,1.099026584625244141e+01,5.490000000000000000e+03
-7.874902725219726562e+00,1.500000000000000000e+00,1.193309879302978516e+01,5.491000000000000000e+03
-8.506476402282714844e+00,1.500000000000000000e+00,1.383982467651367188e+01,5.492000000000000000e+03
-8.733747482299804688e+00,1.500000000000000000e+00,1.299150657653808594e+01,5.493000000000000000e+03
-8.632326126098632812e+00,1.500000000000000000e+00,1.058117675781250000e+01,5.494000000000000000e+03
-8.499562263488769531e+00,1.500000000000000000e+00,9.676120758056640625e+00,5.495000000000000000e+03
-8.458149909973144531e+00,1.500000000000000000e+00,8.637942314147949219e+00,5.496000000000000000e+03
-8.464235305786132812e+00,1.500000000000000000e+00,7.372909545898437500e+00,5.497000000000000000e+03
-8.506872177124023438e+00,1.500000000000000000e+00,5.831762790679931641e+00,5.498000000000000000e+03
-8.600641250610351562e+00,1.500000000000000000e+00,1.497978782653808594e+01,5.499000000000000000e+03
-8.488789558410644531e+00,1.500000000000000000e+00,1.634772491455078125e+01,5.500000000000000000e+03
-6.947485923767089844e+00,1.500000000000000000e+00,1.760690879821777344e+01,5.501000000000000000e+03
-7.401831626892089844e+00,1.500000000000000000e+00,1.754667091369628906e+01,5.502000000000000000e+03
-8.437784194946289062e+00,1.500000000000000000e+00,1.740949440002441406e+01,5.503000000000000000e+03
-2.498735666275024414e+00,1.500000000000000000e+00,1.762545013427734375e+01,5.504000000000000000e+03
-3.966291427612304688e+00,1.500000000000000000e+00,1.763974761962890625e+01,5.505000000000000000e+03
-1.505227684974670410e+00,1.500000000000000000e+00,1.761323547363281250e+01,5.506000000000000000e+03
-4.133247137069702148e-01,1.500000000000000000e+00,1.745491600036621094e+01,5.507000000000000000e+03
6.338755488395690918e-01,1.500000000000000000e+00,1.755004501342773438e+01,5.508000000000000000e+03
2.061818122863769531e+00,1.500000000000000000e+00,1.750673294067382812e+01,5.509000000000000000e+03
1.934258460998535156e+00,1.500000000000000000e+00,1.688825607299804688e+01,5.510000000000000000e+03
3.015833139419555664e+00,1.500000000000000000e+00,1.761420249938964844e+01,5.511000000000000000e+03
2.963126659393310547e+00,1.500000000000000000e+00,1.688705825805664062e+01,5.512000000000000000e+03
8.563037872314453125e+00,1.500000000000000000e+00,1.598952102661132812e+01,5.513000000000000000e+03
8.452664375305175781e+00,1.500000000000000000e+00,1.697367477416992188e+01,5.514000000000000000e+03
5.001682281494140625e+00,1.500000000000000000e+00,1.764114952087402344e+01,5.515000000000000000e+03
4.039038658142089844e+00,1.500000000000000000e+00,1.762739181518554688e+01,5.516000000000000000e+03
7.813738822937011719e+00,1.500000000000000000e+00,1.630650901794433594e+01,5.517000000000000000e+03
8.433846473693847656e+00,1.500000000000000000e+00,1.489342975616455078e+01,5.518000000000000000e+03
8.558837890625000000e+00,1.500000000000000000e+00,1.548216819763183594e+01,5.519000000000000000e+03
7.828730106353759766e+00,1.500000000000000000e+00,1.550399112701416016e+01,5.520000000000000000e+03
8.565137863159179688e+00,1.500000000000000000e+00,1.383306407928466797e+01,5.521000000000000000e+03
8.490362167358398438e+00,1.500000000000000000e+00,1.433498096466064453e+01,5.522000000000000000e+03
7.935230731964111328e+00,1.500000000000000000e+00,1.461980533599853516e+01,5.523000000000000000e+03
7.901860237121582031e+00,1.500000000000000000e+00,7.010755062103271484e+00,5.524000000000000000e+03
8.473863601684570312e+00,1.500000000000000000e+00,5.900665283203125000e+00,5.525000000000000000e+03
8.728743553161621094e+00,1.500000000000000000e+00,5.004391193389892578e+00,5.526000000000000000e+03
8.509572982788085938e+00,1.500000000000000000e+00,4.173026561737060547e+00,5.527000000000000000e+03
8.589590072631835938e+00,1.500000000000000000e+00,2.511224031448364258e+00,5.528000000000000000e+03
8.526552200317382812e+00,1.500000000000000000e+00,1.587706685066223145e+00,5.529000000000000000e+03
8.471489906311035156e+00,1.500000000000000000e+00,5.376317501068115234e-01,5.530000000000000000e+03
-4.926460266113281250e+00,1.500000000000000000e+00,1.749846267700195312e+01,5.531000000000000000e+03
-5.497697830200195312e+00,1.500000000000000000e+00,1.759543991088867188e+01,5.532000000000000000e+03
-5.996415615081787109e+00,1.500000000000000000e+00,1.761362266540527344e+01,5.533000000000000000e+03
-6.480905055999755859e+00,1.500000000000000000e+00,1.761806297302246094e+01,5.534000000000000000e+03
4.974515438079833984e+00,1.500000000000000000e+00,5.360180735588073730e-01,5.535000000000000000e+03
8.638463973999023438e+00,1.500000000000000000e+00,6.965287685394287109e+00,5.536000000000000000e+03
8.499906539916992188e+00,1.500000000000000000e+00,8.323293685913085938e+00,5.537000000000000000e+03
8.468981742858886719e+00,1.500000000000000000e+00,9.337912559509277344e+00,5.538000000000000000e+03
8.391811370849609375e+00,1.500000000000000000e+00,1.046554946899414062e+01,5.539000000000000000e+03
8.609949111938476562e+00,1.500000000000000000e+00,1.152877426147460938e+01,5.540000000000000000e+03
-7.347628116607666016e+00,1.500000000000000000e+00,5.107294917106628418e-01,5.541000000000000000e+03
-6.456268787384033203e+00,1.500000000000000000e+00,3.790513873100280762e-01,5.542000000000000000e+03
7.298064708709716797e+00,1.500000000000000000e+00,1.171273827552795410e+00,5.543000000000000000e+03
-8.479906082153320312e+00,1.500000000000000000e+00,1.208722782135009766e+01,5.544000000000000000e+03
7.355407714843750000e+00,1.500000000000000000e+00,1.747950935363769531e+01,5.545000000000000000e+03
6.436643123626708984e+00,1.500000000000000000e+00,1.763512039184570312e+01,5.546000000000000000e+03
2.312146186828613281e+00,1.500000000000000000e+00,1.015066266059875488e+00,5.547000000000000000e+03
-3.996259450912475586e+00,1.500000000000000000e+00,8.737040758132934570e-01,5.548000000000000000e+03
-6.051596641540527344e+00,1.500000000000000000e+00,1.099876523017883301e+00,5.549000000000000000e+03
-7.162032604217529297e+00,1.500000000000000000e+00,1.004556775093078613e+00,5.550000000000000000e+03
-7.999671459197998047e+00,1.500000000000000000e+00,6.674104213714599609e+00,5.551000000000000000e+03
-8.126573562622070312e+00,1.500000000000000000e+00,1.299641609191894531e+01,5.552000000000000000e+03
-7.900491714477539062e+00,1.500000000000000000e+00,1.505180168151855469e+01,5.553000000000000000e+03
-7.995082378387451172e+00,1.500000000000000000e+00,1.616209983825683594e+01,5.554000000000000000e+03
-2.500527381896972656e+00,1.500000000000000000e+00,1.687114143371582031e+01,5.555000000000000000e+03
3.922234296798706055e+00,1.500000000000000000e+00,1.700866127014160156e+01,5.556000000000000000e+03
6.002573013305664062e+00,1.500000000000000000e+00,1.691630363464355469e+01,5.557000000000000000e+03
7.875397682189941406e+00,1.500000000000000000e+00,1.149398326873779297e+01,5.558000000000000000e+03
8.122678756713867188e+00,1.500000000000000000e+00,4.995485305786132812e+00,5.559000000000000000e+03
7.871979713439941406e+00,1.500000000000000000e+00,2.920480966567993164e+00,5.560000000000000000e+03
8.015879631042480469e+00,1.500000000000000000e+00,1.846648216247558594e+00,5.561000000000000000e+03
7.895682811737060547e+00,1.500000000000000000e+00,1.744220733642578125e+01,5.562000000000000000e+03
6.865733146667480469e+00,1.500000000000000000e+00,1.754693794250488281e+01,5.563000000000000000e+03
5.969916343688964844e+00,1.500000000000000000e+00,1.764647293090820312e+01,5.564000000000000000e+03
5.489973068237304688e+00,1.500000000000000000e+00,1.764169120788574219e+01,5.565000000000000000e+03
4.519237041473388672e+00,1.500000000000000000e+00,1.764563751220703125e+01,5.566000000000000000e+03
3.557521820068359375e+00,1.500000000000000000e+00,1.751342010498046875e+01,5.567000000000000000e+03
2.541613101959228516e+00,1.500000000000000000e+00,1.761159515380859375e+01,5.568000000000000000e+03
1.523766517639160156e+00,1.500000000000000000e+00,1.761590003967285156e+01,5.569000000000000000e+03
1.058135867118835449e+00,1.500000000000000000e+00,1.762542533874511719e+01,5.570000000000000000e+03
1.479636579751968384e-01,1.500000000000000000e+00,1.749852180480957031e+01,5.571000000000000000e+03
-9.997226595878601074e-01,1.500000000000000000e+00,1.758491706848144531e+01,5.572000000000000000e+03
-2.002017259597778320e+00,1.500000000000000000e+00,1.762141799926757812e+01,5.573000000000000000e+03
-2.994012355804443359e+00,1.500000000000000000e+00,1.762952041625976562e+01,5.574000000000000000e+03
-3.485858440399169922e+00,1.500000000000000000e+00,1.763516616821289062e+01,5.575000000000000000e+03
-4.441849708557128906e+00,1.500000000000000000e+00,1.761808586120605469e+01,5.576000000000000000e+03
-7.861083507537841797e+00,1.500000000000000000e+00,1.732228279113769531e+01,5.577000000000000000e+03
-8.320427894592285156e+00,1.500000000000000000e+00,1.137113451957702637e+00,5.578000000000000000e+03
-8.604518890380859375e+00,1.500000000000000000e+00,2.050948381423950195e+00,5.579000000000000000e+03
-8.606536865234375000e+00,1.500000000000000000e+00,2.516428709030151367e+00,5.580000000000000000e+03
-8.460812568664550781e+00,1.500000000000000000e+00,3.594056606292724609e+00,5.581000000000000000e+03
-8.726530075073242188e+00,1.500000000000000000e+00,4.492479801177978516e+00,5.582000000000000000e+03
-8.517261505126953125e+00,1.500000000000000000e+00,5.321053981781005859e+00,5.583000000000000000e+03
-8.499911308288574219e+00,1.500000000000000000e+00,6.339136123657226562e+00,5.584000000000000000e+03
-8.485637664794921875e+00,1.500000000000000000e+00,6.844357490539550781e+00,5.585000000000000000e+03
-8.357883453369140625e+00,1.500000000000000000e+00,8.004197120666503906e+00,5.586000000000000000e+03
-8.480601310729980469e+00,1.500000000000000000e+00,9.165404319763183594e+00,5.587000000000000000e+03
-8.549776077270507812e+00,1.500000000000000000e+00,1.015268516540527344e+01,5.588000000000000000e+03
-8.638225555419921875e+00,1.500000000000000000e+00,1.103173637390136719e+01,5.589000000000000000e+03
-8.604045867919921875e+00,1.500000000000000000e+00,1.151231384277343750e+01,5.590000000000000000e+03
-8.580080986022949219e+00,1.500000000000000000e+00,1.263878917694091797e+01,5.591000000000000000e+03
-8.460625648498535156e+00,1.500000000000000000e+00,1.440462398529052734e+01,5.592000000000000000e+03
-8.620671272277832031e+00,1.500000000000000000e+00,1.545535755157470703e+01,5.593000000000000000e+03
-8.547340393066406250e+00,1.500000000000000000e+00,1.587557125091552734e+01,5.594000000000000000e+03
-8.456944465637207031e+00,1.500000000000000000e+00,1.686356353759765625e+01,5.595000000000000000e+03
-7.863167285919189453e+00,1.500000000000000000e+00,5.423957705497741699e-01,5.596000000000000000e+03
-6.875753879547119141e+00,1.500000000000000000e+00,4.523735046386718750e-01,5.597000000000000000e+03
-5.977517127990722656e+00,1.500000000000000000e+00,3.998200893402099609e-01,5.598000000000000000e+03
-5.403954029083251953e+00,1.500000000000000000e+00,5.400897860527038574e-01,5.599000000000000000e+03
-3.638899087905883789e+00,1.500000000000000000e+00,4.200244247913360596e-01,5.600000000000000000e+03
-2.512573003768920898e+00,1.500000000000000000e+00,3.953166007995605469e-01,5.601000000000000000e+03
-1.581562399864196777e+00,1.500000000000000000e+00,3.690015077590942383e-01,5.602000000000000000e+03
-1.152623057365417480e+00,1.500000000000000000e+00,4.506131708621978760e-01,5.603000000000000000e+03
-1.697043031454086304e-01,1.500000000000000000e+00,5.149585008621215820e-01,5.604000000000000000e+03
8.622018098831176758e-01,1.500000000000000000e+00,5.522437691688537598e-01,5.605000000000000000e+03
2.126643419265747070e+00,1.500000000000000000e+00,5.394331812858581543e-01,5.606000000000000000e+03
3.165333032608032227e+00,1.500000000000000000e+00,5.068982243537902832e-01,5.607000000000000000e+03
3.678421020507812500e+00,1.500000000000000000e+00,4.983266294002532959e-01,5.608000000000000000e+03
4.533699035644531250e+00,1.500000000000000000e+00,3.184481859207153320e-01,5.609000000000000000e+03
7.976643562316894531e+00,1.500000000000000000e+00,5.425516366958618164e-01,5.610000000000000000e+03
8.458885192871093750e+00,1.500000000000000000e+00,1.089618325233459473e+00,5.611000000000000000e+03
8.607283592224121094e+00,1.500000000000000000e+00,2.024136304855346680e+00,5.612000000000000000e+03
8.450328826904296875e+00,1.500000000000000000e+00,3.088273525238037109e+00,5.613000000000000000e+03
8.488048553466796875e+00,1.500000000000000000e+00,3.652056455612182617e+00,5.614000000000000000e+03
8.582442283630371094e+00,1.500000000000000000e+00,4.664966583251953125e+00,5.615000000000000000e+03
8.602035522460937500e+00,1.500000000000000000e+00,6.483499526977539062e+00,5.616000000000000000e+03
8.632703781127929688e+00,1.500000000000000000e+00,7.417727470397949219e+00,5.617000000000000000e+03
8.550312995910644531e+00,1.500000000000000000e+00,7.847873687744140625e+00,5.618000000000000000e+03
8.485228538513183594e+00,1.500000000000000000e+00,8.830226898193359375e+00,5.619000000000000000e+03
8.456274986267089844e+00,1.500000000000000000e+00,9.859047889709472656e+00,5.620000000000000000e+03
8.577828407287597656e+00,1.500000000000000000e+00,1.103035831451416016e+01,5.621000000000000000e+03
8.584629058837890625e+00,1.500000000000000000e+00,1.202484703063964844e+01,5.622000000000000000e+03
8.461818695068359375e+00,1.500000000000000000e+00,1.261277198791503906e+01,5.623000000000000000e+03
8.721946716308593750e+00,1.500000000000000000e+00,1.349539375305175781e+01,5.624000000000000000e+03
8.517193794250488281e+00,1.500000000000000000e+00,1.649511337280273438e+01,5.625000000000000000e+03
5.392869472503662109e+00,1.500000000000000000e+00,1.009235978126525879e+00,5.626000000000000000e+03
7.998731136322021484e+00,1.500000000000000000e+00,3.837179899215698242e+00,5.627000000000000000e+03
-7.957229614257812500e+00,1.500000000000000000e+00,1.413339805603027344e+01,5.628000000000000000e+03
-5.133059024810791016e+00,1.500000000000000000e+00,1.043324232101440430e+00,5.629000000000000000e+03
-5.520537376403808594e+00,1.500000000000000000e+00,1.685508918762207031e+01,5.630000000000000000e+03
4.997315883636474609e+00,1.500000000000000000e+00,1.688908958435058594e+01,5.631000000000000000e+03
4.485984802246093750e+00,1.500000000000000000e+00,9.216002821922302246e-01,5.632000000000000000e+03
-8.121181488037109375e+00,1.500000000000000000e+00,4.501471519470214844e+00,5.633000000000000000e+03
8.112487792968750000e+00,1.500000000000000000e+00,1.350466442108154297e+01,5.634000000000000000e+03
-4.553986072540283203e+00,1.500000000000000000e+00,1.699581527709960938e+01,5.635000000000000000e+03
-8.311811447143554688e+00,1.500000000000000000e+00,1.066897678375244141e+01,5.636000000000000000e+03
-7.908264160156250000e+00,1.500000000000000000e+00,7.668067932128906250e+00,5.637000000000000000e+03
-7.976348876953125000e+00,1.500000000000000000e+00,8.828465461730957031e+00,5.638000000000000000e+03
-8.006060600280761719e+00,1.500000000000000000e+00,9.857268333435058594e+00,5.639000000000000000e+03
7.983249187469482422e+00,1.500000000000000000e+00,9.166962623596191406e+00,5.640000000000000000e+03
7.772084236145019531e+00,1.500000000000000000e+00,1.051404953002929688e+01,5.641000000000000000e+03
8.265824317932128906e+00,1.500000000000000000e+00,1.114157962799072266e+01,5.642000000000000000e+03
8.984498977661132812e-01,1.500000000000000000e+00,1.703714752197265625e+01,5.643000000000000000e+03
-1.385760307312011719e-01,1.500000000000000000e+00,1.694568443298339844e+01,5.644000000000000000e+03
-1.512555837631225586e+00,1.500000000000000000e+00,1.686155891418457031e+01,5.645000000000000000e+03
-8.579176068305969238e-01,1.500000000000000000e+00,9.947185516357421875e-01,5.646000000000000000e+03
1.661952883005142212e-01,1.500000000000000000e+00,1.017144799232482910e+00,5.647000000000000000e+03
1.491466879844665527e+00,1.500000000000000000e+00,1.245313525199890137e+00,5.648000000000000000e+03
8.006002426147460938e+00,1.500000000000000000e+00,8.142354965209960938e+00,5.649000000000000000e+03
8.178176879882812500e+00,1.500000000000000000e+00,1.236759567260742188e+01,5.650000000000000000e+03
8.180573463439941406e+00,1.500000000000000000e+00,2.840690851211547852e+00,5.651000000000000000e+03
6.345663547515869141e+00,1.500000000000000000e+00,1.732300567626953125e+01,5.652000000000000000e+03
-8.248147964477539062e+00,1.500000000000000000e+00,1.501808547973632812e+01,5.653000000000000000e+03
-6.017342567443847656e+00,1.500000000000000000e+00,7.524387836456298828e-01,5.654000000000000000e+03
5.955246448516845703e+00,1.500000000000000000e+00,1.727963829040527344e+01,5.655000000000000000e+03
2.986771583557128906e+00,1.500000000000000000e+00,1.724778556823730469e+01,5.656000000000000000e+03
8.190340995788574219e+00,1.500000000000000000e+00,6.148304462432861328e+00,5.657000000000000000e+03
-2.841483354568481445e+00,1.500000000000000000e+00,8.074148893356323242e-01,5.658000000000000000e+03
-8.191706657409667969e+00,1.500000000000000000e+00,1.184168529510498047e+01,5.659000000000000000e+03
7.174370288848876953e+00,1.500000000000000000e+00,1.698435020446777344e+01,5.660000000000000000e+03
-6.469113826751708984e+00,1.500000000000000000e+00,1.723415565490722656e+01,5.661000000000000000e+03
8.174977302551269531e+00,1.500000000000000000e+00,1.596815586090087891e+01,5.662000000000000000e+03
-8.220643043518066406e+00,1.500000000000000000e+00,2.517806768417358398e+00,5.663000000000000000e+03
6.955948352813720703e+00,1.500000000000000000e+00,8.009904026985168457e-01,5.664000000000000000e+03
1.838293910026550293e+00,1.500000000000000000e+00,1.721276664733886719e+01,5.665000000000000000e+03
8.315491676330566406e+00,1.500000000000000000e+00,7.331660747528076172e+00,5.666000000000000000e+03
-1.669008135795593262e+00,1.500000000000000000e+00,6.877408027648925781e-01,5.667000000000000000e+03
7.422099113464355469e+00,1.500000000000000000e+00,9.084308743476867676e-01,5.668000000000000000e+03
8.078115463256835938e+00,1.500000000000000000e+00,1.642704010009765625e+01,5.669000000000000000e+03
8.188918113708496094e+00,1.500000000000000000e+00,1.551867389678955078e+01,5.670000000000000000e+03
6.486953258514404297e+00,1.500000000000000000e+00,7.674478888511657715e-01,5.671000000000000000e+03
8.457251548767089844e+00,1.500000000000000000e+00,1.746309471130371094e+01,5.672000000000000000e+03
1.154912710189819336e+00,1.500000000000000000e+00,1.103773474693298340e+00,5.673000000000000000e+03
-7.757754802703857422e+00,1.500000000000000000e+00,8.001598358154296875e+00,5.674000000000000000e+03
-1.031606197357177734e+00,1.500000000000000000e+00,1.685308837890625000e+01,5.675000000000000000e+03
7.913983821868896484e+00,1.500000000000000000e+00,1.016116619110107422e+01,5.676000000000000000e+03
5.486613750457763672e+00,1.500000000000000000e+00,1.726767158508300781e+01,5.677000000000000000e+03
5.003149986267089844e+00,1.500000000000000000e+00,1.726735305786132812e+01,5.678000000000000000e+03
-7.241117954254150391e+00,1.500000000000000000e+00,1.724323463439941406e+01,5.679000000000000000e+03
-6.902088642120361328e+00,1.500000000000000000e+00,1.723972129821777344e+01,5.680000000000000000e+03
-6.000670909881591797e+00,1.500000000000000000e+00,1.723322105407714844e+01,5.681000000000000000e+03
-8.239162445068359375e+00,1.500000000000000000e+00,1.755082964897155762e+00,5.682000000000000000e+03
-8.233239173889160156e+00,1.500000000000000000e+00,2.092645645141601562e+00,5.683000000000000000e+03
-8.207872390747070312e+00,1.500000000000000000e+00,2.963207483291625977e+00,5.684000000000000000e+03
6.022947788238525391e+00,1.500000000000000000e+00,7.486795186996459961e-01,5.685000000000000000e+03
5.624065399169921875e+00,1.500000000000000000e+00,7.140849828720092773e-01,5.686000000000000000e+03
4.534833431243896484e+00,1.500000000000000000e+00,1.727682304382324219e+01,5.687000000000000000e+03
4.148501873016357422e+00,1.500000000000000000e+00,1.730722618103027344e+01,5.688000000000000000e+03
-8.171003341674804688e+00,1.500000000000000000e+00,3.348440170288085938e+00,5.689000000000000000e+03
3.337538480758666992e+00,1.500000000000000000e+00,1.721440887451171875e+01,5.690000000000000000e+03
-8.583390235900878906e+00,1.500000000000000000e+00,4.831192493438720703e+00,5.691000000000000000e+03
-8.235772132873535156e+00,1.500000000000000000e+00,1.146777725219726562e+01,5.692000000000000000e+03
1.137451171875000000e+00,1.500000000000000000e+00,1.730674171447753906e+01,5.693000000000000000e+03
-6.588633656501770020e-01,1.500000000000000000e+00,1.717720794677734375e+01,5.694000000000000000e+03
-1.047293901443481445e+00,1.500000000000000000e+00,1.722078704833984375e+01,5.695000000000000000e+03
-1.515738248825073242e+00,1.500000000000000000e+00,1.723612022399902344e+01,5.696000000000000000e+03
-2.004886865615844727e+00,1.500000000000000000e+00,1.724319648742675781e+01,5.697000000000000000e+03
-2.499358177185058594e+00,1.500000000000000000e+00,1.724777221679687500e+01,5.698000000000000000e+03
-2.993413925170898438e+00,1.500000000000000000e+00,1.725206375122070312e+01,5.699000000000000000e+03
-3.481262207031250000e+00,1.500000000000000000e+00,1.725775909423828125e+01,5.700000000000000000e+03
-3.945660352706909180e+00,1.500000000000000000e+00,1.726773834228515625e+01,5.701000000000000000e+03
-4.330108642578125000e+00,1.500000000000000000e+00,1.729653930664062500e+01,5.702000000000000000e+03
-5.151538372039794922e+00,1.500000000000000000e+00,1.719758415222167969e+01,5.703000000000000000e+03
-5.538794517517089844e+00,1.500000000000000000e+00,1.722610855102539062e+01,5.704000000000000000e+03
-8.583337783813476562e+00,1.500000000000000000e+00,1.333496093750000000e+01,5.705000000000000000e+03
-8.191440582275390625e+00,1.500000000000000000e+00,1.465044689178466797e+01,5.706000000000000000e+03
-8.305376052856445312e+00,1.500000000000000000e+00,1.537675380706787109e+01,5.707000000000000000e+03
-2.467828989028930664e+00,1.500000000000000000e+00,7.631782889366149902e-01,5.708000000000000000e+03
-4.334786415100097656e+00,1.500000000000000000e+00,4.171003699302673340e-01,5.709000000000000000e+03
-5.650025844573974609e+00,1.500000000000000000e+00,8.093083500862121582e-01,5.710000000000000000e+03
-6.377067565917968750e+00,1.500000000000000000e+00,6.947011351585388184e-01,5.711000000000000000e+03
-8.264447212219238281e+00,1.500000000000000000e+00,1.103733634948730469e+01,5.712000000000000000e+03
-2.038144826889038086e+00,1.500000000000000000e+00,7.349945902824401855e-01,5.713000000000000000e+03
8.266967773437500000e+00,1.500000000000000000e+00,6.962198734283447266e+00,5.714000000000000000e+03
2.637841939926147461e+00,1.500000000000000000e+00,1.728583335876464844e+01,5.715000000000000000e+03
1.490172028541564941e+00,1.500000000000000000e+00,1.725582885742187500e+01,5.716000000000000000e+03
8.237288475036621094e+00,1.500000000000000000e+00,6.528480052947998047e+00,5.717000000000000000e+03
8.291783332824707031e+00,1.500000000000000000e+00,2.098246335983276367e+00,5.718000000000000000e+03
8.237261772155761719e+00,1.500000000000000000e+00,2.471827268600463867e+00,5.719000000000000000e+03
8.152373313903808594e+00,1.500000000000000000e+00,1.513723373413085938e+01,5.720000000000000000e+03
8.568092346191406250e+00,1.500000000000000000e+00,1.314787864685058594e+01,5.721000000000000000e+03
8.221160888671875000e+00,1.500000000000000000e+00,1.198124504089355469e+01,5.722000000000000000e+03
8.239419937133789062e+00,1.500000000000000000e+00,1.153357601165771484e+01,5.723000000000000000e+03
8.574583053588867188e+00,1.500000000000000000e+00,5.354297637939453125e+00,5.724000000000000000e+03
